Workbook

Sheet Results
A1: Hshld_code | B1: Hshld_subcode | C1: house_type | D1: insulation | E1: Loc_code | F1: SH_code | G1: DW_code | H1: HP_cap | I1: R_cap | J1: Hyd_Cap_kW_Adj | K1: Tank_Volume (L) | L1: Manufacture | M1: Hyd_Manufacture_HP | N1: Hyd_Manufacture_Tank | O1: Hyd_Manufacture_FC | P1: Hyd_Manufacture | Q1: Distribution | R1: Installation | S1: EOL | T1: Other | U1: EOL_S | V1: Other_S | W1: Manufacture_MJ | X1: Hyd_Manufacture_MJ_HP | Y1: Hyd_Manufacture_MJ_Tank | Z1: Hyd_Manufacture_MJ_FC | AA1: Hyd_Manufacture_MJ | AB1: Distribution_MJ | AC1: Installation_MJ | AD1: EOL_MJ | AE1: Other_MJ | AG1: PLEASE DO NOT CHANGE CODE IN CELLS. BE AWARE THAT CODE DOES NOT NECESSARILY APPLIES TO ALL CELLS WITHIN A COLUMN; THEY ARE CASE/SCENARIO SPECIFIC. CELLS IN BLUE CAN BE COPIED AS VALUES (NO FORMAT OR FORMULAS) TO A CSV FILE TO BE USED FOR FURTHER PROCESSING WITH TECHNOLOGIES.CSV
A2: Mass-Nom-Real | B2: =_xlfn.TEXTBEFORE(A2, "-", 2) -> Mass-Nom | C2: =_xlfn.TEXTBEFORE(A2, "-", 1) -> Mass | D2: =_xlfn.TEXTAFTER(B2, "-", 1) -> Nom | E2: AK | F2: R | I2: {=_xlfn.SWITCH(F2,"R",_xlfn.XLOOKUP(E2&"|"&B2, Calculate_cap_emi!$I$14:$I$21&"|"&Calculate_cap_emi!$L$14:$L$21, Calculate_cap_emi!$W$14:$W$21, "Not found", 0),"Rb",_xlfn.XLOOKUP(E2&"|"&B2, Calculate_cap_emi!$I$14:$I$21&"|"&Calculate_cap_emi!$L$14:$L$21, Calculate_cap_emi!$Y$14:$Y$21, "Not found", 0),"Rl",_xlfn.XLOOKUP(E2&"|"&B2, Calculate_cap_emi!$I$14:$I$21&"|"&Calculate_cap_emi!$L$14:$L$21, Calculate_cap_emi!$Z$14:$Z$21, "Not found", 0),0)} -> 11 | L2: {=_xlfn.SWITCH(F2,"R",_xlfn.XLOOKUP(E2&"|"&B2, Calculate_cap_emi!$I$14:$I$21&"|"&Calculate_cap_emi!$L$14:$L$21, Calculate_cap_emi!$AC$14:$AC$21, "Not found", 0),"Rb",_xlfn.XLOOKUP(E2&"|"&B2, Calculate_cap_emi!$I$14:$I$21&"|"&Calculate_cap_emi!$L$14:$L$21, Calculate_cap_emi!$AE$14:$AE$21, "Not found", 0),"Rl",_xlfn.XLOOKUP(E2&"|"&B2, Calculate_cap_emi!$I$14:$I$21&"|"&Calculate_cap_emi!$L$14:$L$21, Calculate_cap_emi!$AF$14:$AF$21, "Not found", 0),"HP",_xlfn.XLOOKUP(E2&"|"&B2, Calculate_cap_emi!$I$14:$I$21&"|"&Calculate_cap_emi!$L$14:$L$21, Calculate_cap_emi!$AD$14:$AD$21, "Not found", 0),"HPl",_xlfn.XLOOKUP(E2&"|"&B2, Calculate_cap_emi!$I$14:$I$21&"|"&Calculate_cap_emi!$L$14:$L$21, Calculate_cap_emi!$AG$14:$AG$21, "Not found", 0),"Missing")} -> 945.7181 | Q2: {=_xlfn.SWITCH(F2,"R",_xlfn.XLOOKUP(E2&"|"&B2, Calculate_cap_emi!$I$14:$I$21&"|"&Calculate_cap_emi!$L$14:$L$21, Calculate_cap_emi!$AJ$14:$AJ$21, "Not found", 0),"Rb",_xlfn.XLOOKUP(E2&"|"&B2, Calculate_cap_emi!$I$14:$I$21&"|"&Calculate_cap_emi!$L$14:$L$21, Calculate_cap_emi!$AL$14:$AL$21, "Not found", 0),"Rl",_xlfn.XLOOKUP(E2&"|"&B2, Calculate_cap_emi!$I$14:$I$21&"|"&Calculate_cap_emi!$L$14:$L$21, Calculate_cap_emi!$AM$14:$AM$21, "Not found", 0),"HP",_xlfn.XLOOKUP(E2&"|"&B2, Calculate_cap_emi!$I$14:$I$21&"|"&Calculate_cap_emi!$L$14:$L$21, Calculate_cap_emi!$AK$14:$AK$21, "Not found", 0),"HPl",_xlfn.XLOOKUP(E2&"|"&B2, Calculate_cap_emi!$I$14:$I$21&"|"&Calculate_cap_emi!$L$14:$L$21, Calculate_cap_emi!$AN$14:$AN$21, "Not found", 0),"Missing")} -> 46.407925 | R2: {=_xlfn.SWITCH(F2,"R",_xlfn.XLOOKUP(E2&"|"&B2, Calculate_cap_emi!$I$14:$I$21&"|"&Calculate_cap_emi!$L$14:$L$21, Calculate_cap_emi!$AQ$14:$AQ$21, "Not found", 0),"Rb",_xlfn.XLOOKUP(E2&"|"&B2, Calculate_cap_emi!$I$14:$I$21&"|"&Calculate_cap_emi!$L$14:$L$21, Calculate_cap_emi!$AS$14:$AS$21, "Not found", 0),"Rl",_xlfn.XLOOKUP(E2&"|"&B2, Calculate_cap_emi!$I$14:$I$21&"|"&Calculate_cap_emi!$L$14:$L$21, Calculate_cap_emi!$AT$14:$AT$21, "Not found", 0),"HP",_xlfn.XLOOKUP(E2&"|"&B2, Calculate_cap_emi!$I$14:$I$21&"|"&Calculate_cap_emi!$L$14:$L$21, Calculate_cap_emi!$AR$14:$AR$21, "Not found", 0),"HPl",_xlfn.XLOOKUP(E2&"|"&B2, Calculate_cap_emi!$I$14:$I$21&"|"&Calculate_cap_emi!$L$14:$L$21, Calculate_cap_emi!$AU$14:$AU$21, "Not found", 0),"Missing")} -> 4.697462 | S2: {=_xlfn.SWITCH(F2,"R",_xlfn.XLOOKUP(E2&"|"&B2, Calculate_cap_emi!$I$14:$I$21&"|"&Calculate_cap_emi!$L$14:$L$21, Calculate_cap_emi!$AX$14:$AX$21, "Not found", 0),"Rb",_xlfn.XLOOKUP(E2&"|"&B2, Calculate_cap_emi!$I$14:$I$21&"|"&Calculate_cap_emi!$L$14:$L$21, Calculate_cap_emi!$AZ$14:$AZ$21, "Not found", 0),"Rl",_xlfn.XLOOKUP(E2&"|"&B2, Calculate_cap_emi!$I$14:$I$21&"|"&Calculate_cap_emi!$L$14:$L$21, Calculate_cap_emi!$BA$14:$BA$21, "Not found", 0),"HP",_xlfn.XLOOKUP(E2&"|"&B2, Calculate_cap_emi!$I$14:$I$21&"|"&Calculate_cap_emi!$L$14:$L$21, Calculate_cap_emi!$AY$14:$AY$21, "Not found", 0),"HPl",_xlfn.XLOOKUP(E2&"|"&B2, Calculate_cap_emi!$I$14:$I$21&"|"&Calculate_cap_emi!$L$14:$L$21, Calculate_cap_emi!$BB$14:$BB$21, "Not found", 0),"Missing")} -> 54.923037 | T2: {=_xlfn.SWITCH(F2,"R",_xlfn.XLOOKUP(E2&"|"&B2, Calculate_cap_emi!$I$14:$I$21&"|"&Calculate_cap_emi!$L$14:$L$21, Calculate_cap_emi!$BE$14:$BE$21, "Not found", 0),"Rb",_xlfn.XLOOKUP(E2&"|"&B2, Calculate_cap_emi!$I$14:$I$21&"|"&Calculate_cap_emi!$L$14:$L$21, Calculate_cap_emi!$BG$14:$BG$21, "Not found", 0),"Rl",_xlfn.XLOOKUP(E2&"|"&B2, Calculate_cap_emi!$I$14:$I$21&"|"&Calculate_cap_emi!$L$14:$L$21, Calculate_cap_emi!$BH$14:$BH$21, "Not found", 0),"HP",_xlfn.XLOOKUP(E2&"|"&B2, Calculate_cap_emi!$I$14:$I$21&"|"&Calculate_cap_emi!$L$14:$L$21, Calculate_cap_emi!$BF$14:$BF$21, "Not found", 0),"HPl",_xlfn.XLOOKUP(E2&"|"&B2, Calculate_cap_emi!$I$14:$I$21&"|"&Calculate_cap_emi!$L$14:$L$21, Calculate_cap_emi!$BI$14:$BI$21, "Not found", 0),"Missing")} -> 0 | U2: {=_xlfn.SWITCH(F2,"R",_xlfn.XLOOKUP(E2&"|"&B2, Calculate_cap_emi_sens!$I$14:$I$21&"|"&Calculate_cap_emi_sens!$L$14:$L$21, Calculate_cap_emi_sens!$AX$14:$AX$21, "Not found", 0),"Rb",_xlfn.XLOOKUP(E2&"|"&B2, Calculate_cap_emi_sens!$I$14:$I$21&"|"&Calculate_cap_emi_sens!$L$14:$L$21, Calculate_cap_emi_sens!$AZ$14:$AZ$21, "Not found", 0),"Rl",_xlfn.XLOOKUP(E2&"|"&B2, Calculate_cap_emi_sens!$I$14:$I$21&"|"&Calculate_cap_emi_sens!$L$14:$L$21, Calculate_cap_emi_sens!$BA$14:$BA$21, "Not found", 0),"HP",_xlfn.XLOOKUP(E2&"|"&B2, Calculate_cap_emi_sens!$I$14:$I$21&"|"&Calculate_cap_emi_sens!$L$14:$L$21, Calculate_cap_emi_sens!$AY$14:$AY$21, "Not found", 0),"HPl",_xlfn.XLOOKUP(E2&"|"&B2, Calculate_cap_emi_sens!$I$14:$I$21&"|"&Calculate_cap_emi_sens!$L$14:$L$21, Calculate_cap_emi_sens!$BB$14:$BB$21, "Not found", 0),"Missing")} -> 54.923037 | V2: {=_xlfn.SWITCH(F2,"R",_xlfn.XLOOKUP(E2&"|"&B2, Calculate_cap_emi_sens!$I$14:$I$21&"|"&Calculate_cap_emi_sens!$L$14:$L$21, Calculate_cap_emi_sens!$BE$14:$BE$21, "Not found", 0),"Rb",_xlfn.XLOOKUP(E2&"|"&B2, Calculate_cap_emi_sens!$I$14:$I$21&"|"&Calculate_cap_emi_sens!$L$14:$L$21, Calculate_cap_emi_sens!$BG$14:$BG$21, "Not found", 0),"Rl",_xlfn.XLOOKUP(E2&"|"&B2, Calculate_cap_emi_sens!$I$14:$I$21&"|"&Calculate_cap_emi_sens!$L$14:$L$21, Calculate_cap_emi_sens!$BH$14:$BH$21, "Not found", 0),"HP",_xlfn.XLOOKUP(E2&"|"&B2, Calculate_cap_emi_sens!$I$14:$I$21&"|"&Calculate_cap_emi_sens!$L$14:$L$21, Calculate_cap_emi_sens!$BF$14:$BF$21, "Not found", 0),"HPl",_xlfn.XLOOKUP(E2&"|"&B2, Calculate_cap_emi_sens!$I$14:$I$21&"|"&Calculate_cap_emi_sens!$L$14:$L$21, Calculate_cap_emi_sens!$BI$14:$BI$21, "Not found", 0),"Missing")} -> 0 | W2: =Results_proc_ener!L2 -> 24893.256 | X2: =Results_proc_ener!M2 -> 0 | Y2: =Results_proc_ener!N2 -> 0 | Z2: =Results_proc_ener!O2 -> 0 | AA2: =Results_proc_ener!P2 -> 0 | AB2: =Results_proc_ener!Q2 -> 982.85692 | AC2: =Results_proc_ener!R2 -> 17.878346 | AD2: =Results_proc_ener!S2 -> 101.62591 | AE2: =Results_proc_ener!T2 -> 0
A3: Mass-Nom-Ideal | B3: =_xlfn.TEXTBEFORE(A3, "-", 2) -> Mass-Nom | C3: =_xlfn.TEXTBEFORE(A3, "-", 1) -> Mass | D3: =_xlfn.TEXTAFTER(B3, "-", 1) -> Nom | E3: AK | F3: R | I3: {=_xlfn.SWITCH(F3,"R",_xlfn.XLOOKUP(E3&"|"&B3, Calculate_cap_emi!$I$14:$I$21&"|"&Calculate_cap_emi!$L$14:$L$21, Calculate_cap_emi!$W$14:$W$21, "Not found", 0),"Rb",_xlfn.XLOOKUP(E3&"|"&B3, Calculate_cap_emi!$I$14:$I$21&"|"&Calculate_cap_emi!$L$14:$L$21, Calculate_cap_emi!$Y$14:$Y$21, "Not found", 0),"Rl",_xlfn.XLOOKUP(E3&"|"&B3, Calculate_cap_emi!$I$14:$I$21&"|"&Calculate_cap_emi!$L$14:$L$21, Calculate_cap_emi!$Z$14:$Z$21, "Not found", 0),0)} -> 11 | L3: {=_xlfn.SWITCH(F3,"R",_xlfn.XLOOKUP(E3&"|"&B3, Calculate_cap_emi!$I$14:$I$21&"|"&Calculate_cap_emi!$L$14:$L$21, Calculate_cap_emi!$AC$14:$AC$21, "Not found", 0),"Rb",_xlfn.XLOOKUP(E3&"|"&B3, Calculate_cap_emi!$I$14:$I$21&"|"&Calculate_cap_emi!$L$14:$L$21, Calculate_cap_emi!$AE$14:$AE$21, "Not found", 0),"Rl",_xlfn.XLOOKUP(E3&"|"&B3, Calculate_cap_emi!$I$14:$I$21&"|"&Calculate_cap_emi!$L$14:$L$21, Calculate_cap_emi!$AF$14:$AF$21, "Not found", 0),"HP",_xlfn.XLOOKUP(E3&"|"&B3, Calculate_cap_emi!$I$14:$I$21&"|"&Calculate_cap_emi!$L$14:$L$21, Calculate_cap_emi!$AD$14:$AD$21, "Not found", 0),"HPl",_xlfn.XLOOKUP(E3&"|"&B3, Calculate_cap_emi!$I$14:$I$21&"|"&Calculate_cap_emi!$L$14:$L$21, Calculate_cap_emi!$AG$14:$AG$21, "Not found", 0),"Missing")} -> 945.7181 | Q3: {=_xlfn.SWITCH(F3,"R",_xlfn.XLOOKUP(E3&"|"&B3, Calculate_cap_emi!$I$14:$I$21&"|"&Calculate_cap_emi!$L$14:$L$21, Calculate_cap_emi!$AJ$14:$AJ$21, "Not found", 0),"Rb",_xlfn.XLOOKUP(E3&"|"&B3, Calculate_cap_emi!$I$14:$I$21&"|"&Calculate_cap_emi!$L$14:$L$21, Calculate_cap_emi!$AL$14:$AL$21, "Not found", 0),"Rl",_xlfn.XLOOKUP(E3&"|"&B3, Calculate_cap_emi!$I$14:$I$21&"|"&Calculate_cap_emi!$L$14:$L$21, Calculate_cap_emi!$AM$14:$AM$21, "Not found", 0),"HP",_xlfn.XLOOKUP(E3&"|"&B3, Calculate_cap_emi!$I$14:$I$21&"|"&Calculate_cap_emi!$L$14:$L$21, Calculate_cap_emi!$AK$14:$AK$21, "Not found", 0),"HPl",_xlfn.XLOOKUP(E3&"|"&B3, Calculate_cap_emi!$I$14:$I$21&"|"&Calculate_cap_emi!$L$14:$L$21, Calculate_cap_emi!$AN$14:$AN$21, "Not found", 0),"Missing")} -> 46.407925 | R3: {=_xlfn.SWITCH(F3,"R",_xlfn.XLOOKUP(E3&"|"&B3, Calculate_cap_emi!$I$14:$I$21&"|"&Calculate_cap_emi!$L$14:$L$21, Calculate_cap_emi!$AQ$14:$AQ$21, "Not found", 0),"Rb",_xlfn.XLOOKUP(E3&"|"&B3, Calculate_cap_emi!$I$14:$I$21&"|"&Calculate_cap_emi!$L$14:$L$21, Calculate_cap_emi!$AS$14:$AS$21, "Not found", 0),"Rl",_xlfn.XLOOKUP(E3&"|"&B3, Calculate_cap_emi!$I$14:$I$21&"|"&Calculate_cap_emi!$L$14:$L$21, Calculate_cap_emi!$AT$14:$AT$21, "Not found", 0),"HP",_xlfn.XLOOKUP(E3&"|"&B3, Calculate_cap_emi!$I$14:$I$21&"|"&Calculate_cap_emi!$L$14:$L$21, Calculate_cap_emi!$AR$14:$AR$21, "Not found", 0),"HPl",_xlfn.XLOOKUP(E3&"|"&B3, Calculate_cap_emi!$I$14:$I$21&"|"&Calculate_cap_emi!$L$14:$L$21, Calculate_cap_emi!$AU$14:$AU$21, "Not found", 0),"Missing")} -> 4.697462 | S3: {=_xlfn.SWITCH(F3,"R",_xlfn.XLOOKUP(E3&"|"&B3, Calculate_cap_emi!$I$14:$I$21&"|"&Calculate_cap_emi!$L$14:$L$21, Calculate_cap_emi!$AX$14:$AX$21, "Not found", 0),"Rb",_xlfn.XLOOKUP(E3&"|"&B3, Calculate_cap_emi!$I$14:$I$21&"|"&Calculate_cap_emi!$L$14:$L$21, Calculate_cap_emi!$AZ$14:$AZ$21, "Not found", 0),"Rl",_xlfn.XLOOKUP(E3&"|"&B3, Calculate_cap_emi!$I$14:$I$21&"|"&Calculate_cap_emi!$L$14:$L$21, Calculate_cap_emi!$BA$14:$BA$21, "Not found", 0),"HP",_xlfn.XLOOKUP(E3&"|"&B3, Calculate_cap_emi!$I$14:$I$21&"|"&Calculate_cap_emi!$L$14:$L$21, Calculate_cap_emi!$AY$14:$AY$21, "Not found", 0),"HPl",_xlfn.XLOOKUP(E3&"|"&B3, Calculate_cap_emi!$I$14:$I$21&"|"&Calculate_cap_emi!$L$14:$L$21, Calculate_cap_emi!$BB$14:$BB$21, "Not found", 0),"Missing")} -> 54.923037 | T3: {=_xlfn.SWITCH(F3,"R",_xlfn.XLOOKUP(E3&"|"&B3, Calculate_cap_emi!$I$14:$I$21&"|"&Calculate_cap_emi!$L$14:$L$21, Calculate_cap_emi!$BE$14:$BE$21, "Not found", 0),"Rb",_xlfn.XLOOKUP(E3&"|"&B3, Calculate_cap_emi!$I$14:$I$21&"|"&Calculate_cap_emi!$L$14:$L$21, Calculate_cap_emi!$BG$14:$BG$21, "Not found", 0),"Rl",_xlfn.XLOOKUP(E3&"|"&B3, Calculate_cap_emi!$I$14:$I$21&"|"&Calculate_cap_emi!$L$14:$L$21, Calculate_cap_emi!$BH$14:$BH$21, "Not found", 0),"HP",_xlfn.XLOOKUP(E3&"|"&B3, Calculate_cap_emi!$I$14:$I$21&"|"&Calculate_cap_emi!$L$14:$L$21, Calculate_cap_emi!$BF$14:$BF$21, "Not found", 0),"HPl",_xlfn.XLOOKUP(E3&"|"&B3, Calculate_cap_emi!$I$14:$I$21&"|"&Calculate_cap_emi!$L$14:$L$21, Calculate_cap_emi!$BI$14:$BI$21, "Not found", 0),"Missing")} -> 0 | U3: {=_xlfn.SWITCH(F3,"R",_xlfn.XLOOKUP(E3&"|"&B3, Calculate_cap_emi_sens!$I$14:$I$21&"|"&Calculate_cap_emi_sens!$L$14:$L$21, Calculate_cap_emi_sens!$AX$14:$AX$21, "Not found", 0),"Rb",_xlfn.XLOOKUP(E3&"|"&B3, Calculate_cap_emi_sens!$I$14:$I$21&"|"&Calculate_cap_emi_sens!$L$14:$L$21, Calculate_cap_emi_sens!$AZ$14:$AZ$21, "Not found", 0),"Rl",_xlfn.XLOOKUP(E3&"|"&B3, Calculate_cap_emi_sens!$I$14:$I$21&"|"&Calculate_cap_emi_sens!$L$14:$L$21, Calculate_cap_emi_sens!$BA$14:$BA$21, "Not found", 0),"HP",_xlfn.XLOOKUP(E3&"|"&B3, Calculate_cap_emi_sens!$I$14:$I$21&"|"&Calculate_cap_emi_sens!$L$14:$L$21, Calculate_cap_emi_sens!$AY$14:$AY$21, "Not found", 0),"HPl",_xlfn.XLOOKUP(E3&"|"&B3, Calculate_cap_emi_sens!$I$14:$I$21&"|"&Calculate_cap_emi_sens!$L$14:$L$21, Calculate_cap_emi_sens!$BB$14:$BB$21, "Not found", 0),"Missing")} -> 54.923037 | V3: {=_xlfn.SWITCH(F3,"R",_xlfn.XLOOKUP(E3&"|"&B3, Calculate_cap_emi_sens!$I$14:$I$21&"|"&Calculate_cap_emi_sens!$L$14:$L$21, Calculate_cap_emi_sens!$BE$14:$BE$21, "Not found", 0),"Rb",_xlfn.XLOOKUP(E3&"|"&B3, Calculate_cap_emi_sens!$I$14:$I$21&"|"&Calculate_cap_emi_sens!$L$14:$L$21, Calculate_cap_emi_sens!$BG$14:$BG$21, "Not found", 0),"Rl",_xlfn.XLOOKUP(E3&"|"&B3, Calculate_cap_emi_sens!$I$14:$I$21&"|"&Calculate_cap_emi_sens!$L$14:$L$21, Calculate_cap_emi_sens!$BH$14:$BH$21, "Not found", 0),"HP",_xlfn.XLOOKUP(E3&"|"&B3, Calculate_cap_emi_sens!$I$14:$I$21&"|"&Calculate_cap_emi_sens!$L$14:$L$21, Calculate_cap_emi_sens!$BF$14:$BF$21, "Not found", 0),"HPl",_xlfn.XLOOKUP(E3&"|"&B3, Calculate_cap_emi_sens!$I$14:$I$21&"|"&Calculate_cap_emi_sens!$L$14:$L$21, Calculate_cap_emi_sens!$BI$14:$BI$21, "Not found", 0),"Missing")} -> 0 | W3: =Results_proc_ener!L3 -> 24893.256 | X3: =Results_proc_ener!M3 -> 0 | Y3: =Results_proc_ener!N3 -> 0 | Z3: =Results_proc_ener!O3 -> 0 | AA3: =Results_proc_ener!P3 -> 0 | AB3: =Results_proc_ener!Q3 -> 982.85692 | AC3: =Results_proc_ener!R3 -> 17.878346 | AD3: =Results_proc_ener!S3 -> 101.62591 | AE3: =Results_proc_ener!T3 -> 0
A4: Mass-H1-Real | B4: =_xlfn.TEXTBEFORE(A4, "-", 2) -> Mass-H1 | C4: =_xlfn.TEXTBEFORE(A4, "-", 1) -> Mass | D4: =_xlfn.TEXTAFTER(B4, "-", 1) -> H1 | E4: AK | F4: R | I4: {=_xlfn.SWITCH(F4,"R",_xlfn.XLOOKUP(E4&"|"&B4, Calculate_cap_emi!$I$14:$I$21&"|"&Calculate_cap_emi!$L$14:$L$21, Calculate_cap_emi!$W$14:$W$21, "Not found", 0),"Rb",_xlfn.XLOOKUP(E4&"|"&B4, Calculate_cap_emi!$I$14:$I$21&"|"&Calculate_cap_emi!$L$14:$L$21, Calculate_cap_emi!$Y$14:$Y$21, "Not found", 0),"Rl",_xlfn.XLOOKUP(E4&"|"&B4, Calculate_cap_emi!$I$14:$I$21&"|"&Calculate_cap_emi!$L$14:$L$21, Calculate_cap_emi!$Z$14:$Z$21, "Not found", 0),0)} -> 7 | L4: {=_xlfn.SWITCH(F4,"R",_xlfn.XLOOKUP(E4&"|"&B4, Calculate_cap_emi!$I$14:$I$21&"|"&Calculate_cap_emi!$L$14:$L$21, Calculate_cap_emi!$AC$14:$AC$21, "Not found", 0),"Rb",_xlfn.XLOOKUP(E4&"|"&B4, Calculate_cap_emi!$I$14:$I$21&"|"&Calculate_cap_emi!$L$14:$L$21, Calculate_cap_emi!$AE$14:$AE$21, "Not found", 0),"Rl",_xlfn.XLOOKUP(E4&"|"&B4, Calculate_cap_emi!$I$14:$I$21&"|"&Calculate_cap_emi!$L$14:$L$21, Calculate_cap_emi!$AF$14:$AF$21, "Not found", 0),"HP",_xlfn.XLOOKUP(E4&"|"&B4, Calculate_cap_emi!$I$14:$I$21&"|"&Calculate_cap_emi!$L$14:$L$21, Calculate_cap_emi!$AD$14:$AD$21, "Not found", 0),"HPl",_xlfn.XLOOKUP(E4&"|"&B4, Calculate_cap_emi!$I$14:$I$21&"|"&Calculate_cap_emi!$L$14:$L$21, Calculate_cap_emi!$AG$14:$AG$21, "Not found", 0),"Missing")} -> 762.75655 | Q4: {=_xlfn.SWITCH(F4,"R",_xlfn.XLOOKUP(E4&"|"&B4, Calculate_cap_emi!$I$14:$I$21&"|"&Calculate_cap_emi!$L$14:$L$21, Calculate_cap_emi!$AJ$14:$AJ$21, "Not found", 0),"Rb",_xlfn.XLOOKUP(E4&"|"&B4, Calculate_cap_emi!$I$14:$I$21&"|"&Calculate_cap_emi!$L$14:$L$21, Calculate_cap_emi!$AL$14:$AL$21, "Not found", 0),"Rl",_xlfn.XLOOKUP(E4&"|"&B4, Calculate_cap_emi!$I$14:$I$21&"|"&Calculate_cap_emi!$L$14:$L$21, Calculate_cap_emi!$AM$14:$AM$21, "Not found", 0),"HP",_xlfn.XLOOKUP(E4&"|"&B4, Calculate_cap_emi!$I$14:$I$21&"|"&Calculate_cap_emi!$L$14:$L$21, Calculate_cap_emi!$AK$14:$AK$21, "Not found", 0),"HPl",_xlfn.XLOOKUP(E4&"|"&B4, Calculate_cap_emi!$I$14:$I$21&"|"&Calculate_cap_emi!$L$14:$L$21, Calculate_cap_emi!$AN$14:$AN$21, "Not found", 0),"Missing")} -> 34.392677 | R4: {=_xlfn.SWITCH(F4,"R",_xlfn.XLOOKUP(E4&"|"&B4, Calculate_cap_emi!$I$14:$I$21&"|"&Calculate_cap_emi!$L$14:$L$21, Calculate_cap_emi!$AQ$14:$AQ$21, "Not found", 0),"Rb",_xlfn.XLOOKUP(E4&"|"&B4, Calculate_cap_emi!$I$14:$I$21&"|"&Calculate_cap_emi!$L$14:$L$21, Calculate_cap_emi!$AS$14:$AS$21, "Not found", 0),"Rl",_xlfn.XLOOKUP(E4&"|"&B4, Calculate_cap_emi!$I$14:$I$21&"|"&Calculate_cap_emi!$L$14:$L$21, Calculate_cap_emi!$AT$14:$AT$21, "Not found", 0),"HP",_xlfn.XLOOKUP(E4&"|"&B4, Calculate_cap_emi!$I$14:$I$21&"|"&Calculate_cap_emi!$L$14:$L$21, Calculate_cap_emi!$AR$14:$AR$21, "Not found", 0),"HPl",_xlfn.XLOOKUP(E4&"|"&B4, Calculate_cap_emi!$I$14:$I$21&"|"&Calculate_cap_emi!$L$14:$L$21, Calculate_cap_emi!$AU$14:$AU$21, "Not found", 0),"Missing")} -> 4.2216804 | S4: {=_xlfn.SWITCH(F4,"R",_xlfn.XLOOKUP(E4&"|"&B4, Calculate_cap_emi!$I$14:$I$21&"|"&Calculate_cap_emi!$L$14:$L$21, Calculate_cap_emi!$AX$14:$AX$21, "Not found", 0),"Rb",_xlfn.XLOOKUP(E4&"|"&B4, Calculate_cap_emi!$I$14:$I$21&"|"&Calculate_cap_emi!$L$14:$L$21, Calculate_cap_emi!$AZ$14:$AZ$21, "Not found", 0),"Rl",_xlfn.XLOOKUP(E4&"|"&B4, Calculate_cap_emi!$I$14:$I$21&"|"&Calculate_cap_emi!$L$14:$L$21, Calculate_cap_emi!$BA$14:$BA$21, "Not found", 0),"HP",_xlfn.XLOOKUP(E4&"|"&B4, Calculate_cap_emi!$I$14:$I$21&"|"&Calculate_cap_emi!$L$14:$L$21, Calculate_cap_emi!$AY$14:$AY$21, "Not found", 0),"HPl",_xlfn.XLOOKUP(E4&"|"&B4, Calculate_cap_emi!$I$14:$I$21&"|"&Calculate_cap_emi!$L$14:$L$21, Calculate_cap_emi!$BB$14:$BB$21, "Not found", 0),"Missing")} -> 40.801369 | T4: {=_xlfn.SWITCH(F4,"R",_xlfn.XLOOKUP(E4&"|"&B4, Calculate_cap_emi!$I$14:$I$21&"|"&Calculate_cap_emi!$L$14:$L$21, Calculate_cap_emi!$BE$14:$BE$21, "Not found", 0),"Rb",_xlfn.XLOOKUP(E4&"|"&B4, Calculate_cap_emi!$I$14:$I$21&"|"&Calculate_cap_emi!$L$14:$L$21, Calculate_cap_emi!$BG$14:$BG$21, "Not found", 0),"Rl",_xlfn.XLOOKUP(E4&"|"&B4, Calculate_cap_emi!$I$14:$I$21&"|"&Calculate_cap_emi!$L$14:$L$21, Calculate_cap_emi!$BH$14:$BH$21, "Not found", 0),"HP",_xlfn.XLOOKUP(E4&"|"&B4, Calculate_cap_emi!$I$14:$I$21&"|"&Calculate_cap_emi!$L$14:$L$21, Calculate_cap_emi!$BF$14:$BF$21, "Not found", 0),"HPl",_xlfn.XLOOKUP(E4&"|"&B4, Calculate_cap_emi!$I$14:$I$21&"|"&Calculate_cap_emi!$L$14:$L$21, Calculate_cap_emi!$BI$14:$BI$21, "Not found", 0),"Missing")} -> 0 | U4: {=_xlfn.SWITCH(F4,"R",_xlfn.XLOOKUP(E4&"|"&B4, Calculate_cap_emi_sens!$I$14:$I$21&"|"&Calculate_cap_emi_sens!$L$14:$L$21, Calculate_cap_emi_sens!$AX$14:$AX$21, "Not found", 0),"Rb",_xlfn.XLOOKUP(E4&"|"&B4, Calculate_cap_emi_sens!$I$14:$I$21&"|"&Calculate_cap_emi_sens!$L$14:$L$21, Calculate_cap_emi_sens!$AZ$14:$AZ$21, "Not found", 0),"Rl",_xlfn.XLOOKUP(E4&"|"&B4, Calculate_cap_emi_sens!$I$14:$I$21&"|"&Calculate_cap_emi_sens!$L$14:$L$21, Calculate_cap_emi_sens!$BA$14:$BA$21, "Not found", 0),"HP",_xlfn.XLOOKUP(E4&"|"&B4, Calculate_cap_emi_sens!$I$14:$I$21&"|"&Calculate_cap_emi_sens!$L$14:$L$21, Calculate_cap_emi_sens!$AY$14:$AY$21, "Not found", 0),"HPl",_xlfn.XLOOKUP(E4&"|"&B4, Calculate_cap_emi_sens!$I$14:$I$21&"|"&Calculate_cap_emi_sens!$L$14:$L$21, Calculate_cap_emi_sens!$BB$14:$BB$21, "Not found", 0),"Missing")} -> 40.801369 | V4: {=_xlfn.SWITCH(F4,"R",_xlfn.XLOOKUP(E4&"|"&B4, Calculate_cap_emi_sens!$I$14:$I$21&"|"&Calculate_cap_emi_sens!$L$14:$L$21, Calculate_cap_emi_sens!$BE$14:$BE$21, "Not found", 0),"Rb",_xlfn.XLOOKUP(E4&"|"&B4, Calculate_cap_emi_sens!$I$14:$I$21&"|"&Calculate_cap_emi_sens!$L$14:$L$21, Calculate_cap_emi_sens!$BG$14:$BG$21, "Not found", 0),"Rl",_xlfn.XLOOKUP(E4&"|"&B4, Calculate_cap_emi_sens!$I$14:$I$21&"|"&Calculate_cap_emi_sens!$L$14:$L$21, Calculate_cap_emi_sens!$BH$14:$BH$21, "Not found", 0),"HP",_xlfn.XLOOKUP(E4&"|"&B4, Calculate_cap_emi_sens!$I$14:$I$21&"|"&Calculate_cap_emi_sens!$L$14:$L$21, Calculate_cap_emi_sens!$BF$14:$BF$21, "Not found", 0),"HPl",_xlfn.XLOOKUP(E4&"|"&B4, Calculate_cap_emi_sens!$I$14:$I$21&"|"&Calculate_cap_emi_sens!$L$14:$L$21, Calculate_cap_emi_sens!$BI$14:$BI$21, "Not found", 0),"Missing")} -> 0 | W4: =Results_proc_ener!L4 -> 19975.71 | X4: =Results_proc_ener!M4 -> 0 | Y4: =Results_proc_ener!N4 -> 0 | Z4: =Results_proc_ener!O4 -> 0 | AA4: =Results_proc_ener!P4 -> 0 | AB4: =Results_proc_ener!Q4 -> 728.39025 | AC4: =Results_proc_ener!R4 -> 14.55723 | AD4: =Results_proc_ener!S4 -> 86.552477 | AE4: =Results_proc_ener!T4 -> 0
A5: Mass-H1-Ideal | B5: =_xlfn.TEXTBEFORE(A5, "-", 2) -> Mass-H1 | C5: =_xlfn.TEXTBEFORE(A5, "-", 1) -> Mass | D5: =_xlfn.TEXTAFTER(B5, "-", 1) -> H1 | E5: AK | F5: R | I5: {=_xlfn.SWITCH(F5,"R",_xlfn.XLOOKUP(E5&"|"&B5, Calculate_cap_emi!$I$14:$I$21&"|"&Calculate_cap_emi!$L$14:$L$21, Calculate_cap_emi!$W$14:$W$21, "Not found", 0),"Rb",_xlfn.XLOOKUP(E5&"|"&B5, Calculate_cap_emi!$I$14:$I$21&"|"&Calculate_cap_emi!$L$14:$L$21, Calculate_cap_emi!$Y$14:$Y$21, "Not found", 0),"Rl",_xlfn.XLOOKUP(E5&"|"&B5, Calculate_cap_emi!$I$14:$I$21&"|"&Calculate_cap_emi!$L$14:$L$21, Calculate_cap_emi!$Z$14:$Z$21, "Not found", 0),0)} -> 7 | L5: {=_xlfn.SWITCH(F5,"R",_xlfn.XLOOKUP(E5&"|"&B5, Calculate_cap_emi!$I$14:$I$21&"|"&Calculate_cap_emi!$L$14:$L$21, Calculate_cap_emi!$AC$14:$AC$21, "Not found", 0),"Rb",_xlfn.XLOOKUP(E5&"|"&B5, Calculate_cap_emi!$I$14:$I$21&"|"&Calculate_cap_emi!$L$14:$L$21, Calculate_cap_emi!$AE$14:$AE$21, "Not found", 0),"Rl",_xlfn.XLOOKUP(E5&"|"&B5, Calculate_cap_emi!$I$14:$I$21&"|"&Calculate_cap_emi!$L$14:$L$21, Calculate_cap_emi!$AF$14:$AF$21, "Not found", 0),"HP",_xlfn.XLOOKUP(E5&"|"&B5, Calculate_cap_emi!$I$14:$I$21&"|"&Calculate_cap_emi!$L$14:$L$21, Calculate_cap_emi!$AD$14:$AD$21, "Not found", 0),"HPl",_xlfn.XLOOKUP(E5&"|"&B5, Calculate_cap_emi!$I$14:$I$21&"|"&Calculate_cap_emi!$L$14:$L$21, Calculate_cap_emi!$AG$14:$AG$21, "Not found", 0),"Missing")} -> 762.75655 | Q5: {=_xlfn.SWITCH(F5,"R",_xlfn.XLOOKUP(E5&"|"&B5, Calculate_cap_emi!$I$14:$I$21&"|"&Calculate_cap_emi!$L$14:$L$21, Calculate_cap_emi!$AJ$14:$AJ$21, "Not found", 0),"Rb",_xlfn.XLOOKUP(E5&"|"&B5, Calculate_cap_emi!$I$14:$I$21&"|"&Calculate_cap_emi!$L$14:$L$21, Calculate_cap_emi!$AL$14:$AL$21, "Not found", 0),"Rl",_xlfn.XLOOKUP(E5&"|"&B5, Calculate_cap_emi!$I$14:$I$21&"|"&Calculate_cap_emi!$L$14:$L$21, Calculate_cap_emi!$AM$14:$AM$21, "Not found", 0),"HP",_xlfn.XLOOKUP(E5&"|"&B5, Calculate_cap_emi!$I$14:$I$21&"|"&Calculate_cap_emi!$L$14:$L$21, Calculate_cap_emi!$AK$14:$AK$21, "Not found", 0),"HPl",_xlfn.XLOOKUP(E5&"|"&B5, Calculate_cap_emi!$I$14:$I$21&"|"&Calculate_cap_emi!$L$14:$L$21, Calculate_cap_emi!$AN$14:$AN$21, "Not found", 0),"Missing")} -> 34.392677 | R5: {=_xlfn.SWITCH(F5,"R",_xlfn.XLOOKUP(E5&"|"&B5, Calculate_cap_emi!$I$14:$I$21&"|"&Calculate_cap_emi!$L$14:$L$21, Calculate_cap_emi!$AQ$14:$AQ$21, "Not found", 0),"Rb",_xlfn.XLOOKUP(E5&"|"&B5, Calculate_cap_emi!$I$14:$I$21&"|"&Calculate_cap_emi!$L$14:$L$21, Calculate_cap_emi!$AS$14:$AS$21, "Not found", 0),"Rl",_xlfn.XLOOKUP(E5&"|"&B5, Calculate_cap_emi!$I$14:$I$21&"|"&Calculate_cap_emi!$L$14:$L$21, Calculate_cap_emi!$AT$14:$AT$21, "Not found", 0),"HP",_xlfn.XLOOKUP(E5&"|"&B5, Calculate_cap_emi!$I$14:$I$21&"|"&Calculate_cap_emi!$L$14:$L$21, Calculate_cap_emi!$AR$14:$AR$21, "Not found", 0),"HPl",_xlfn.XLOOKUP(E5&"|"&B5, Calculate_cap_emi!$I$14:$I$21&"|"&Calculate_cap_emi!$L$14:$L$21, Calculate_cap_emi!$AU$14:$AU$21, "Not found", 0),"Missing")} -> 4.2216804 | S5: {=_xlfn.SWITCH(F5,"R",_xlfn.XLOOKUP(E5&"|"&B5, Calculate_cap_emi!$I$14:$I$21&"|"&Calculate_cap_emi!$L$14:$L$21, Calculate_cap_emi!$AX$14:$AX$21, "Not found", 0),"Rb",_xlfn.XLOOKUP(E5&"|"&B5, Calculate_cap_emi!$I$14:$I$21&"|"&Calculate_cap_emi!$L$14:$L$21, Calculate_cap_emi!$AZ$14:$AZ$21, "Not found", 0),"Rl",_xlfn.XLOOKUP(E5&"|"&B5, Calculate_cap_emi!$I$14:$I$21&"|"&Calculate_cap_emi!$L$14:$L$21, Calculate_cap_emi!$BA$14:$BA$21, "Not found", 0),"HP",_xlfn.XLOOKUP(E5&"|"&B5, Calculate_cap_emi!$I$14:$I$21&"|"&Calculate_cap_emi!$L$14:$L$21, Calculate_cap_emi!$AY$14:$AY$21, "Not found", 0),"HPl",_xlfn.XLOOKUP(E5&"|"&B5, Calculate_cap_emi!$I$14:$I$21&"|"&Calculate_cap_emi!$L$14:$L$21, Calculate_cap_emi!$BB$14:$BB$21, "Not found", 0),"Missing")} -> 40.801369 | T5: {=_xlfn.SWITCH(F5,"R",_xlfn.XLOOKUP(E5&"|"&B5, Calculate_cap_emi!$I$14:$I$21&"|"&Calculate_cap_emi!$L$14:$L$21, Calculate_cap_emi!$BE$14:$BE$21, "Not found", 0),"Rb",_xlfn.XLOOKUP(E5&"|"&B5, Calculate_cap_emi!$I$14:$I$21&"|"&Calculate_cap_emi!$L$14:$L$21, Calculate_cap_emi!$BG$14:$BG$21, "Not found", 0),"Rl",_xlfn.XLOOKUP(E5&"|"&B5, Calculate_cap_emi!$I$14:$I$21&"|"&Calculate_cap_emi!$L$14:$L$21, Calculate_cap_emi!$BH$14:$BH$21, "Not found", 0),"HP",_xlfn.XLOOKUP(E5&"|"&B5, Calculate_cap_emi!$I$14:$I$21&"|"&Calculate_cap_emi!$L$14:$L$21, Calculate_cap_emi!$BF$14:$BF$21, "Not found", 0),"HPl",_xlfn.XLOOKUP(E5&"|"&B5, Calculate_cap_emi!$I$14:$I$21&"|"&Calculate_cap_emi!$L$14:$L$21, Calculate_cap_emi!$BI$14:$BI$21, "Not found", 0),"Missing")} -> 0 | U5: {=_xlfn.SWITCH(F5,"R",_xlfn.XLOOKUP(E5&"|"&B5, Calculate_cap_emi_sens!$I$14:$I$21&"|"&Calculate_cap_emi_sens!$L$14:$L$21, Calculate_cap_emi_sens!$AX$14:$AX$21, "Not found", 0),"Rb",_xlfn.XLOOKUP(E5&"|"&B5, Calculate_cap_emi_sens!$I$14:$I$21&"|"&Calculate_cap_emi_sens!$L$14:$L$21, Calculate_cap_emi_sens!$AZ$14:$AZ$21, "Not found", 0),"Rl",_xlfn.XLOOKUP(E5&"|"&B5, Calculate_cap_emi_sens!$I$14:$I$21&"|"&Calculate_cap_emi_sens!$L$14:$L$21, Calculate_cap_emi_sens!$BA$14:$BA$21, "Not found", 0),"HP",_xlfn.XLOOKUP(E5&"|"&B5, Calculate_cap_emi_sens!$I$14:$I$21&"|"&Calculate_cap_emi_sens!$L$14:$L$21, Calculate_cap_emi_sens!$AY$14:$AY$21, "Not found", 0),"HPl",_xlfn.XLOOKUP(E5&"|"&B5, Calculate_cap_emi_sens!$I$14:$I$21&"|"&Calculate_cap_emi_sens!$L$14:$L$21, Calculate_cap_emi_sens!$BB$14:$BB$21, "Not found", 0),"Missing")} -> 40.801369 | V5: {=_xlfn.SWITCH(F5,"R",_xlfn.XLOOKUP(E5&"|"&B5, Calculate_cap_emi_sens!$I$14:$I$21&"|"&Calculate_cap_emi_sens!$L$14:$L$21, Calculate_cap_emi_sens!$BE$14:$BE$21, "Not found", 0),"Rb",_xlfn.XLOOKUP(E5&"|"&B5, Calculate_cap_emi_sens!$I$14:$I$21&"|"&Calculate_cap_emi_sens!$L$14:$L$21, Calculate_cap_emi_sens!$BG$14:$BG$21, "Not found", 0),"Rl",_xlfn.XLOOKUP(E5&"|"&B5, Calculate_cap_emi_sens!$I$14:$I$21&"|"&Calculate_cap_emi_sens!$L$14:$L$21, Calculate_cap_emi_sens!$BH$14:$BH$21, "Not found", 0),"HP",_xlfn.XLOOKUP(E5&"|"&B5, Calculate_cap_emi_sens!$I$14:$I$21&"|"&Calculate_cap_emi_sens!$L$14:$L$21, Calculate_cap_emi_sens!$BF$14:$BF$21, "Not found", 0),"HPl",_xlfn.XLOOKUP(E5&"|"&B5, Calculate_cap_emi_sens!$I$14:$I$21&"|"&Calculate_cap_emi_sens!$L$14:$L$21, Calculate_cap_emi_sens!$BI$14:$BI$21, "Not found", 0),"Missing")} -> 0 | W5: =Results_proc_ener!L5 -> 19975.71 | X5: =Results_proc_ener!M5 -> 0 | Y5: =Results_proc_ener!N5 -> 0 | Z5: =Results_proc_ener!O5 -> 0 | AA5: =Results_proc_ener!P5 -> 0 | AB5: =Results_proc_ener!Q5 -> 728.39025 | AC5: =Results_proc_ener!R5 -> 14.55723 | AD5: =Results_proc_ener!S5 -> 86.552477 | AE5: =Results_proc_ener!T5 -> 0
A6: Mod-Nom-Real | B6: =_xlfn.TEXTBEFORE(A6, "-", 2) -> Mod-Nom | C6: =_xlfn.TEXTBEFORE(A6, "-", 1) -> Mod | D6: =_xlfn.TEXTAFTER(B6, "-", 1) -> Nom | E6: AK | F6: R | I6: {=_xlfn.SWITCH(F6,"R",_xlfn.XLOOKUP(E6&"|"&B6, Calculate_cap_emi!$I$14:$I$21&"|"&Calculate_cap_emi!$L$14:$L$21, Calculate_cap_emi!$W$14:$W$21, "Not found", 0),"Rb",_xlfn.XLOOKUP(E6&"|"&B6, Calculate_cap_emi!$I$14:$I$21&"|"&Calculate_cap_emi!$L$14:$L$21, Calculate_cap_emi!$Y$14:$Y$21, "Not found", 0),"Rl",_xlfn.XLOOKUP(E6&"|"&B6, Calculate_cap_emi!$I$14:$I$21&"|"&Calculate_cap_emi!$L$14:$L$21, Calculate_cap_emi!$Z$14:$Z$21, "Not found", 0),0)} -> 12 | L6: {=_xlfn.SWITCH(F6,"R",_xlfn.XLOOKUP(E6&"|"&B6, Calculate_cap_emi!$I$14:$I$21&"|"&Calculate_cap_emi!$L$14:$L$21, Calculate_cap_emi!$AC$14:$AC$21, "Not found", 0),"Rb",_xlfn.XLOOKUP(E6&"|"&B6, Calculate_cap_emi!$I$14:$I$21&"|"&Calculate_cap_emi!$L$14:$L$21, Calculate_cap_emi!$AE$14:$AE$21, "Not found", 0),"Rl",_xlfn.XLOOKUP(E6&"|"&B6, Calculate_cap_emi!$I$14:$I$21&"|"&Calculate_cap_emi!$L$14:$L$21, Calculate_cap_emi!$AF$14:$AF$21, "Not found", 0),"HP",_xlfn.XLOOKUP(E6&"|"&B6, Calculate_cap_emi!$I$14:$I$21&"|"&Calculate_cap_emi!$L$14:$L$21, Calculate_cap_emi!$AD$14:$AD$21, "Not found", 0),"HPl",_xlfn.XLOOKUP(E6&"|"&B6, Calculate_cap_emi!$I$14:$I$21&"|"&Calculate_cap_emi!$L$14:$L$21, Calculate_cap_emi!$AG$14:$AG$21, "Not found", 0),"Missing")} -> 1286.5077 | Q6: {=_xlfn.SWITCH(F6,"R",_xlfn.XLOOKUP(E6&"|"&B6, Calculate_cap_emi!$I$14:$I$21&"|"&Calculate_cap_emi!$L$14:$L$21, Calculate_cap_emi!$AJ$14:$AJ$21, "Not found", 0),"Rb",_xlfn.XLOOKUP(E6&"|"&B6, Calculate_cap_emi!$I$14:$I$21&"|"&Calculate_cap_emi!$L$14:$L$21, Calculate_cap_emi!$AL$14:$AL$21, "Not found", 0),"Rl",_xlfn.XLOOKUP(E6&"|"&B6, Calculate_cap_emi!$I$14:$I$21&"|"&Calculate_cap_emi!$L$14:$L$21, Calculate_cap_emi!$AM$14:$AM$21, "Not found", 0),"HP",_xlfn.XLOOKUP(E6&"|"&B6, Calculate_cap_emi!$I$14:$I$21&"|"&Calculate_cap_emi!$L$14:$L$21, Calculate_cap_emi!$AK$14:$AK$21, "Not found", 0),"HPl",_xlfn.XLOOKUP(E6&"|"&B6, Calculate_cap_emi!$I$14:$I$21&"|"&Calculate_cap_emi!$L$14:$L$21, Calculate_cap_emi!$AN$14:$AN$21, "Not found", 0),"Missing")} -> 58.322398 | R6: {=_xlfn.SWITCH(F6,"R",_xlfn.XLOOKUP(E6&"|"&B6, Calculate_cap_emi!$I$14:$I$21&"|"&Calculate_cap_emi!$L$14:$L$21, Calculate_cap_emi!$AQ$14:$AQ$21, "Not found", 0),"Rb",_xlfn.XLOOKUP(E6&"|"&B6, Calculate_cap_emi!$I$14:$I$21&"|"&Calculate_cap_emi!$L$14:$L$21, Calculate_cap_emi!$AS$14:$AS$21, "Not found", 0),"Rl",_xlfn.XLOOKUP(E6&"|"&B6, Calculate_cap_emi!$I$14:$I$21&"|"&Calculate_cap_emi!$L$14:$L$21, Calculate_cap_emi!$AT$14:$AT$21, "Not found", 0),"HP",_xlfn.XLOOKUP(E6&"|"&B6, Calculate_cap_emi!$I$14:$I$21&"|"&Calculate_cap_emi!$L$14:$L$21, Calculate_cap_emi!$AR$14:$AR$21, "Not found", 0),"HPl",_xlfn.XLOOKUP(E6&"|"&B6, Calculate_cap_emi!$I$14:$I$21&"|"&Calculate_cap_emi!$L$14:$L$21, Calculate_cap_emi!$AU$14:$AU$21, "Not found", 0),"Missing")} -> 7.0757825 | S6: {=_xlfn.SWITCH(F6,"R",_xlfn.XLOOKUP(E6&"|"&B6, Calculate_cap_emi!$I$14:$I$21&"|"&Calculate_cap_emi!$L$14:$L$21, Calculate_cap_emi!$AX$14:$AX$21, "Not found", 0),"Rb",_xlfn.XLOOKUP(E6&"|"&B6, Calculate_cap_emi!$I$14:$I$21&"|"&Calculate_cap_emi!$L$14:$L$21, Calculate_cap_emi!$AZ$14:$AZ$21, "Not found", 0),"Rl",_xlfn.XLOOKUP(E6&"|"&B6, Calculate_cap_emi!$I$14:$I$21&"|"&Calculate_cap_emi!$L$14:$L$21, Calculate_cap_emi!$BA$14:$BA$21, "Not found", 0),"HP",_xlfn.XLOOKUP(E6&"|"&B6, Calculate_cap_emi!$I$14:$I$21&"|"&Calculate_cap_emi!$L$14:$L$21, Calculate_cap_emi!$AY$14:$AY$21, "Not found", 0),"HPl",_xlfn.XLOOKUP(E6&"|"&B6, Calculate_cap_emi!$I$14:$I$21&"|"&Calculate_cap_emi!$L$14:$L$21, Calculate_cap_emi!$BB$14:$BB$21, "Not found", 0),"Missing")} -> 69.179087 | T6: {=_xlfn.SWITCH(F6,"R",_xlfn.XLOOKUP(E6&"|"&B6, Calculate_cap_emi!$I$14:$I$21&"|"&Calculate_cap_emi!$L$14:$L$21, Calculate_cap_emi!$BE$14:$BE$21, "Not found", 0),"Rb",_xlfn.XLOOKUP(E6&"|"&B6, Calculate_cap_emi!$I$14:$I$21&"|"&Calculate_cap_emi!$L$14:$L$21, Calculate_cap_emi!$BG$14:$BG$21, "Not found", 0),"Rl",_xlfn.XLOOKUP(E6&"|"&B6, Calculate_cap_emi!$I$14:$I$21&"|"&Calculate_cap_emi!$L$14:$L$21, Calculate_cap_emi!$BH$14:$BH$21, "Not found", 0),"HP",_xlfn.XLOOKUP(E6&"|"&B6, Calculate_cap_emi!$I$14:$I$21&"|"&Calculate_cap_emi!$L$14:$L$21, Calculate_cap_emi!$BF$14:$BF$21, "Not found", 0),"HPl",_xlfn.XLOOKUP(E6&"|"&B6, Calculate_cap_emi!$I$14:$I$21&"|"&Calculate_cap_emi!$L$14:$L$21, Calculate_cap_emi!$BI$14:$BI$21, "Not found", 0),"Missing")} -> 0 | U6: {=_xlfn.SWITCH(F6,"R",_xlfn.XLOOKUP(E6&"|"&B6, Calculate_cap_emi_sens!$I$14:$I$21&"|"&Calculate_cap_emi_sens!$L$14:$L$21, Calculate_cap_emi_sens!$AX$14:$AX$21, "Not found", 0),"Rb",_xlfn.XLOOKUP(E6&"|"&B6, Calculate_cap_emi_sens!$I$14:$I$21&"|"&Calculate_cap_emi_sens!$L$14:$L$21, Calculate_cap_emi_sens!$AZ$14:$AZ$21, "Not found", 0),"Rl",_xlfn.XLOOKUP(E6&"|"&B6, Calculate_cap_emi_sens!$I$14:$I$21&"|"&Calculate_cap_emi_sens!$L$14:$L$21, Calculate_cap_emi_sens!$BA$14:$BA$21, "Not found", 0),"HP",_xlfn.XLOOKUP(E6&"|"&B6, Calculate_cap_emi_sens!$I$14:$I$21&"|"&Calculate_cap_emi_sens!$L$14:$L$21, Calculate_cap_emi_sens!$AY$14:$AY$21, "Not found", 0),"HPl",_xlfn.XLOOKUP(E6&"|"&B6, Calculate_cap_emi_sens!$I$14:$I$21&"|"&Calculate_cap_emi_sens!$L$14:$L$21, Calculate_cap_emi_sens!$BB$14:$BB$21, "Not found", 0),"Missing")} -> 69.179087 | V6: {=_xlfn.SWITCH(F6,"R",_xlfn.XLOOKUP(E6&"|"&B6, Calculate_cap_emi_sens!$I$14:$I$21&"|"&Calculate_cap_emi_sens!$L$14:$L$21, Calculate_cap_emi_sens!$BE$14:$BE$21, "Not found", 0),"Rb",_xlfn.XLOOKUP(E6&"|"&B6, Calculate_cap_emi_sens!$I$14:$I$21&"|"&Calculate_cap_emi_sens!$L$14:$L$21, Calculate_cap_emi_sens!$BG$14:$BG$21, "Not found", 0),"Rl",_xlfn.XLOOKUP(E6&"|"&B6, Calculate_cap_emi_sens!$I$14:$I$21&"|"&Calculate_cap_emi_sens!$L$14:$L$21, Calculate_cap_emi_sens!$BH$14:$BH$21, "Not found", 0),"HP",_xlfn.XLOOKUP(E6&"|"&B6, Calculate_cap_emi_sens!$I$14:$I$21&"|"&Calculate_cap_emi_sens!$L$14:$L$21, Calculate_cap_emi_sens!$BF$14:$BF$21, "Not found", 0),"HPl",_xlfn.XLOOKUP(E6&"|"&B6, Calculate_cap_emi_sens!$I$14:$I$21&"|"&Calculate_cap_emi_sens!$L$14:$L$21, Calculate_cap_emi_sens!$BI$14:$BI$21, "Not found", 0),"Missing")} -> 0 | W6: =Results_proc_ener!L6 -> 33702.645 | X6: =Results_proc_ener!M6 -> 0 | Y6: =Results_proc_ener!N6 -> 0 | Z6: =Results_proc_ener!O6 -> 0 | AA6: =Results_proc_ener!P6 -> 0 | AB6: =Results_proc_ener!Q6 -> 1235.1893 | AC6: =Results_proc_ener!R6 -> 24.53881 | AD6: =Results_proc_ener!S6 -> 145.51025 | AE6: =Results_proc_ener!T6 -> 0
A7: Mod-Nom-Ideal | B7: =_xlfn.TEXTBEFORE(A7, "-", 2) -> Mod-Nom | C7: =_xlfn.TEXTBEFORE(A7, "-", 1) -> Mod | D7: =_xlfn.TEXTAFTER(B7, "-", 1) -> Nom | E7: AK | F7: R | I7: {=_xlfn.SWITCH(F7,"R",_xlfn.XLOOKUP(E7&"|"&B7, Calculate_cap_emi!$I$14:$I$21&"|"&Calculate_cap_emi!$L$14:$L$21, Calculate_cap_emi!$W$14:$W$21, "Not found", 0),"Rb",_xlfn.XLOOKUP(E7&"|"&B7, Calculate_cap_emi!$I$14:$I$21&"|"&Calculate_cap_emi!$L$14:$L$21, Calculate_cap_emi!$Y$14:$Y$21, "Not found", 0),"Rl",_xlfn.XLOOKUP(E7&"|"&B7, Calculate_cap_emi!$I$14:$I$21&"|"&Calculate_cap_emi!$L$14:$L$21, Calculate_cap_emi!$Z$14:$Z$21, "Not found", 0),0)} -> 12 | L7: {=_xlfn.SWITCH(F7,"R",_xlfn.XLOOKUP(E7&"|"&B7, Calculate_cap_emi!$I$14:$I$21&"|"&Calculate_cap_emi!$L$14:$L$21, Calculate_cap_emi!$AC$14:$AC$21, "Not found", 0),"Rb",_xlfn.XLOOKUP(E7&"|"&B7, Calculate_cap_emi!$I$14:$I$21&"|"&Calculate_cap_emi!$L$14:$L$21, Calculate_cap_emi!$AE$14:$AE$21, "Not found", 0),"Rl",_xlfn.XLOOKUP(E7&"|"&B7, Calculate_cap_emi!$I$14:$I$21&"|"&Calculate_cap_emi!$L$14:$L$21, Calculate_cap_emi!$AF$14:$AF$21, "Not found", 0),"HP",_xlfn.XLOOKUP(E7&"|"&B7, Calculate_cap_emi!$I$14:$I$21&"|"&Calculate_cap_emi!$L$14:$L$21, Calculate_cap_emi!$AD$14:$AD$21, "Not found", 0),"HPl",_xlfn.XLOOKUP(E7&"|"&B7, Calculate_cap_emi!$I$14:$I$21&"|"&Calculate_cap_emi!$L$14:$L$21, Calculate_cap_emi!$AG$14:$AG$21, "Not found", 0),"Missing")} -> 1286.5077 | Q7: {=_xlfn.SWITCH(F7,"R",_xlfn.XLOOKUP(E7&"|"&B7, Calculate_cap_emi!$I$14:$I$21&"|"&Calculate_cap_emi!$L$14:$L$21, Calculate_cap_emi!$AJ$14:$AJ$21, "Not found", 0),"Rb",_xlfn.XLOOKUP(E7&"|"&B7, Calculate_cap_emi!$I$14:$I$21&"|"&Calculate_cap_emi!$L$14:$L$21, Calculate_cap_emi!$AL$14:$AL$21, "Not found", 0),"Rl",_xlfn.XLOOKUP(E7&"|"&B7, Calculate_cap_emi!$I$14:$I$21&"|"&Calculate_cap_emi!$L$14:$L$21, Calculate_cap_emi!$AM$14:$AM$21, "Not found", 0),"HP",_xlfn.XLOOKUP(E7&"|"&B7, Calculate_cap_emi!$I$14:$I$21&"|"&Calculate_cap_emi!$L$14:$L$21, Calculate_cap_emi!$AK$14:$AK$21, "Not found", 0),"HPl",_xlfn.XLOOKUP(E7&"|"&B7, Calculate_cap_emi!$I$14:$I$21&"|"&Calculate_cap_emi!$L$14:$L$21, Calculate_cap_emi!$AN$14:$AN$21, "Not found", 0),"Missing")} -> 58.322398 | R7: {=_xlfn.SWITCH(F7,"R",_xlfn.XLOOKUP(E7&"|"&B7, Calculate_cap_emi!$I$14:$I$21&"|"&Calculate_cap_emi!$L$14:$L$21, Calculate_cap_emi!$AQ$14:$AQ$21, "Not found", 0),"Rb",_xlfn.XLOOKUP(E7&"|"&B7, Calculate_cap_emi!$I$14:$I$21&"|"&Calculate_cap_emi!$L$14:$L$21, Calculate_cap_emi!$AS$14:$AS$21, "Not found", 0),"Rl",_xlfn.XLOOKUP(E7&"|"&B7, Calculate_cap_emi!$I$14:$I$21&"|"&Calculate_cap_emi!$L$14:$L$21, Calculate_cap_emi!$AT$14:$AT$21, "Not found", 0),"HP",_xlfn.XLOOKUP(E7&"|"&B7, Calculate_cap_emi!$I$14:$I$21&"|"&Calculate_cap_emi!$L$14:$L$21, Calculate_cap_emi!$AR$14:$AR$21, "Not found", 0),"HPl",_xlfn.XLOOKUP(E7&"|"&B7, Calculate_cap_emi!$I$14:$I$21&"|"&Calculate_cap_emi!$L$14:$L$21, Calculate_cap_emi!$AU$14:$AU$21, "Not found", 0),"Missing")} -> 7.0757825 | S7: {=_xlfn.SWITCH(F7,"R",_xlfn.XLOOKUP(E7&"|"&B7, Calculate_cap_emi!$I$14:$I$21&"|"&Calculate_cap_emi!$L$14:$L$21, Calculate_cap_emi!$AX$14:$AX$21, "Not found", 0),"Rb",_xlfn.XLOOKUP(E7&"|"&B7, Calculate_cap_emi!$I$14:$I$21&"|"&Calculate_cap_emi!$L$14:$L$21, Calculate_cap_emi!$AZ$14:$AZ$21, "Not found", 0),"Rl",_xlfn.XLOOKUP(E7&"|"&B7, Calculate_cap_emi!$I$14:$I$21&"|"&Calculate_cap_emi!$L$14:$L$21, Calculate_cap_emi!$BA$14:$BA$21, "Not found", 0),"HP",_xlfn.XLOOKUP(E7&"|"&B7, Calculate_cap_emi!$I$14:$I$21&"|"&Calculate_cap_emi!$L$14:$L$21, Calculate_cap_emi!$AY$14:$AY$21, "Not found", 0),"HPl",_xlfn.XLOOKUP(E7&"|"&B7, Calculate_cap_emi!$I$14:$I$21&"|"&Calculate_cap_emi!$L$14:$L$21, Calculate_cap_emi!$BB$14:$BB$21, "Not found", 0),"Missing")} -> 69.179087 | T7: {=_xlfn.SWITCH(F7,"R",_xlfn.XLOOKUP(E7&"|"&B7, Calculate_cap_emi!$I$14:$I$21&"|"&Calculate_cap_emi!$L$14:$L$21, Calculate_cap_emi!$BE$14:$BE$21, "Not found", 0),"Rb",_xlfn.XLOOKUP(E7&"|"&B7, Calculate_cap_emi!$I$14:$I$21&"|"&Calculate_cap_emi!$L$14:$L$21, Calculate_cap_emi!$BG$14:$BG$21, "Not found", 0),"Rl",_xlfn.XLOOKUP(E7&"|"&B7, Calculate_cap_emi!$I$14:$I$21&"|"&Calculate_cap_emi!$L$14:$L$21, Calculate_cap_emi!$BH$14:$BH$21, "Not found", 0),"HP",_xlfn.XLOOKUP(E7&"|"&B7, Calculate_cap_emi!$I$14:$I$21&"|"&Calculate_cap_emi!$L$14:$L$21, Calculate_cap_emi!$BF$14:$BF$21, "Not found", 0),"HPl",_xlfn.XLOOKUP(E7&"|"&B7, Calculate_cap_emi!$I$14:$I$21&"|"&Calculate_cap_emi!$L$14:$L$21, Calculate_cap_emi!$BI$14:$BI$21, "Not found", 0),"Missing")} -> 0 | U7: {=_xlfn.SWITCH(F7,"R",_xlfn.XLOOKUP(E7&"|"&B7, Calculate_cap_emi_sens!$I$14:$I$21&"|"&Calculate_cap_emi_sens!$L$14:$L$21, Calculate_cap_emi_sens!$AX$14:$AX$21, "Not found", 0),"Rb",_xlfn.XLOOKUP(E7&"|"&B7, Calculate_cap_emi_sens!$I$14:$I$21&"|"&Calculate_cap_emi_sens!$L$14:$L$21, Calculate_cap_emi_sens!$AZ$14:$AZ$21, "Not found", 0),"Rl",_xlfn.XLOOKUP(E7&"|"&B7, Calculate_cap_emi_sens!$I$14:$I$21&"|"&Calculate_cap_emi_sens!$L$14:$L$21, Calculate_cap_emi_sens!$BA$14:$BA$21, "Not found", 0),"HP",_xlfn.XLOOKUP(E7&"|"&B7, Calculate_cap_emi_sens!$I$14:$I$21&"|"&Calculate_cap_emi_sens!$L$14:$L$21, Calculate_cap_emi_sens!$AY$14:$AY$21, "Not found", 0),"HPl",_xlfn.XLOOKUP(E7&"|"&B7, Calculate_cap_emi_sens!$I$14:$I$21&"|"&Calculate_cap_emi_sens!$L$14:$L$21, Calculate_cap_emi_sens!$BB$14:$BB$21, "Not found", 0),"Missing")} -> 69.179087 | V7: {=_xlfn.SWITCH(F7,"R",_xlfn.XLOOKUP(E7&"|"&B7, Calculate_cap_emi_sens!$I$14:$I$21&"|"&Calculate_cap_emi_sens!$L$14:$L$21, Calculate_cap_emi_sens!$BE$14:$BE$21, "Not found", 0),"Rb",_xlfn.XLOOKUP(E7&"|"&B7, Calculate_cap_emi_sens!$I$14:$I$21&"|"&Calculate_cap_emi_sens!$L$14:$L$21, Calculate_cap_emi_sens!$BG$14:$BG$21, "Not found", 0),"Rl",_xlfn.XLOOKUP(E7&"|"&B7, Calculate_cap_emi_sens!$I$14:$I$21&"|"&Calculate_cap_emi_sens!$L$14:$L$21, Calculate_cap_emi_sens!$BH$14:$BH$21, "Not found", 0),"HP",_xlfn.XLOOKUP(E7&"|"&B7, Calculate_cap_emi_sens!$I$14:$I$21&"|"&Calculate_cap_emi_sens!$L$14:$L$21, Calculate_cap_emi_sens!$BF$14:$BF$21, "Not found", 0),"HPl",_xlfn.XLOOKUP(E7&"|"&B7, Calculate_cap_emi_sens!$I$14:$I$21&"|"&Calculate_cap_emi_sens!$L$14:$L$21, Calculate_cap_emi_sens!$BI$14:$BI$21, "Not found", 0),"Missing")} -> 0 | W7: =Results_proc_ener!L7 -> 33702.645 | X7: =Results_proc_ener!M7 -> 0 | Y7: =Results_proc_ener!N7 -> 0 | Z7: =Results_proc_ener!O7 -> 0 | AA7: =Results_proc_ener!P7 -> 0 | AB7: =Results_proc_ener!Q7 -> 1235.1893 | AC7: =Results_proc_ener!R7 -> 24.53881 | AD7: =Results_proc_ener!S7 -> 145.51025 | AE7: =Results_proc_ener!T7 -> 0
A8: Mod-H1-Real | B8: =_xlfn.TEXTBEFORE(A8, "-", 2) -> Mod-H1 | C8: =_xlfn.TEXTBEFORE(A8, "-", 1) -> Mod | D8: =_xlfn.TEXTAFTER(B8, "-", 1) -> H1 | E8: AK | F8: R | I8: {=_xlfn.SWITCH(F8,"R",_xlfn.XLOOKUP(E8&"|"&B8, Calculate_cap_emi!$I$14:$I$21&"|"&Calculate_cap_emi!$L$14:$L$21, Calculate_cap_emi!$W$14:$W$21, "Not found", 0),"Rb",_xlfn.XLOOKUP(E8&"|"&B8, Calculate_cap_emi!$I$14:$I$21&"|"&Calculate_cap_emi!$L$14:$L$21, Calculate_cap_emi!$Y$14:$Y$21, "Not found", 0),"Rl",_xlfn.XLOOKUP(E8&"|"&B8, Calculate_cap_emi!$I$14:$I$21&"|"&Calculate_cap_emi!$L$14:$L$21, Calculate_cap_emi!$Z$14:$Z$21, "Not found", 0),0)} -> 8.5 | L8: {=_xlfn.SWITCH(F8,"R",_xlfn.XLOOKUP(E8&"|"&B8, Calculate_cap_emi!$I$14:$I$21&"|"&Calculate_cap_emi!$L$14:$L$21, Calculate_cap_emi!$AC$14:$AC$21, "Not found", 0),"Rb",_xlfn.XLOOKUP(E8&"|"&B8, Calculate_cap_emi!$I$14:$I$21&"|"&Calculate_cap_emi!$L$14:$L$21, Calculate_cap_emi!$AE$14:$AE$21, "Not found", 0),"Rl",_xlfn.XLOOKUP(E8&"|"&B8, Calculate_cap_emi!$I$14:$I$21&"|"&Calculate_cap_emi!$L$14:$L$21, Calculate_cap_emi!$AF$14:$AF$21, "Not found", 0),"HP",_xlfn.XLOOKUP(E8&"|"&B8, Calculate_cap_emi!$I$14:$I$21&"|"&Calculate_cap_emi!$L$14:$L$21, Calculate_cap_emi!$AD$14:$AD$21, "Not found", 0),"HPl",_xlfn.XLOOKUP(E8&"|"&B8, Calculate_cap_emi!$I$14:$I$21&"|"&Calculate_cap_emi!$L$14:$L$21, Calculate_cap_emi!$AG$14:$AG$21, "Not found", 0),"Missing")} -> 905.12944 | Q8: {=_xlfn.SWITCH(F8,"R",_xlfn.XLOOKUP(E8&"|"&B8, Calculate_cap_emi!$I$14:$I$21&"|"&Calculate_cap_emi!$L$14:$L$21, Calculate_cap_emi!$AJ$14:$AJ$21, "Not found", 0),"Rb",_xlfn.XLOOKUP(E8&"|"&B8, Calculate_cap_emi!$I$14:$I$21&"|"&Calculate_cap_emi!$L$14:$L$21, Calculate_cap_emi!$AL$14:$AL$21, "Not found", 0),"Rl",_xlfn.XLOOKUP(E8&"|"&B8, Calculate_cap_emi!$I$14:$I$21&"|"&Calculate_cap_emi!$L$14:$L$21, Calculate_cap_emi!$AM$14:$AM$21, "Not found", 0),"HP",_xlfn.XLOOKUP(E8&"|"&B8, Calculate_cap_emi!$I$14:$I$21&"|"&Calculate_cap_emi!$L$14:$L$21, Calculate_cap_emi!$AK$14:$AK$21, "Not found", 0),"HPl",_xlfn.XLOOKUP(E8&"|"&B8, Calculate_cap_emi!$I$14:$I$21&"|"&Calculate_cap_emi!$L$14:$L$21, Calculate_cap_emi!$AN$14:$AN$21, "Not found", 0),"Missing")} -> 41.12606 | R8: {=_xlfn.SWITCH(F8,"R",_xlfn.XLOOKUP(E8&"|"&B8, Calculate_cap_emi!$I$14:$I$21&"|"&Calculate_cap_emi!$L$14:$L$21, Calculate_cap_emi!$AQ$14:$AQ$21, "Not found", 0),"Rb",_xlfn.XLOOKUP(E8&"|"&B8, Calculate_cap_emi!$I$14:$I$21&"|"&Calculate_cap_emi!$L$14:$L$21, Calculate_cap_emi!$AS$14:$AS$21, "Not found", 0),"Rl",_xlfn.XLOOKUP(E8&"|"&B8, Calculate_cap_emi!$I$14:$I$21&"|"&Calculate_cap_emi!$L$14:$L$21, Calculate_cap_emi!$AT$14:$AT$21, "Not found", 0),"HP",_xlfn.XLOOKUP(E8&"|"&B8, Calculate_cap_emi!$I$14:$I$21&"|"&Calculate_cap_emi!$L$14:$L$21, Calculate_cap_emi!$AR$14:$AR$21, "Not found", 0),"HPl",_xlfn.XLOOKUP(E8&"|"&B8, Calculate_cap_emi!$I$14:$I$21&"|"&Calculate_cap_emi!$L$14:$L$21, Calculate_cap_emi!$AU$14:$AU$21, "Not found", 0),"Missing")} -> 4.9649423 | S8: {=_xlfn.SWITCH(F8,"R",_xlfn.XLOOKUP(E8&"|"&B8, Calculate_cap_emi!$I$14:$I$21&"|"&Calculate_cap_emi!$L$14:$L$21, Calculate_cap_emi!$AX$14:$AX$21, "Not found", 0),"Rb",_xlfn.XLOOKUP(E8&"|"&B8, Calculate_cap_emi!$I$14:$I$21&"|"&Calculate_cap_emi!$L$14:$L$21, Calculate_cap_emi!$AZ$14:$AZ$21, "Not found", 0),"Rl",_xlfn.XLOOKUP(E8&"|"&B8, Calculate_cap_emi!$I$14:$I$21&"|"&Calculate_cap_emi!$L$14:$L$21, Calculate_cap_emi!$BA$14:$BA$21, "Not found", 0),"HP",_xlfn.XLOOKUP(E8&"|"&B8, Calculate_cap_emi!$I$14:$I$21&"|"&Calculate_cap_emi!$L$14:$L$21, Calculate_cap_emi!$AY$14:$AY$21, "Not found", 0),"HPl",_xlfn.XLOOKUP(E8&"|"&B8, Calculate_cap_emi!$I$14:$I$21&"|"&Calculate_cap_emi!$L$14:$L$21, Calculate_cap_emi!$BB$14:$BB$21, "Not found", 0),"Missing")} -> 48.778403 | T8: {=_xlfn.SWITCH(F8,"R",_xlfn.XLOOKUP(E8&"|"&B8, Calculate_cap_emi!$I$14:$I$21&"|"&Calculate_cap_emi!$L$14:$L$21, Calculate_cap_emi!$BE$14:$BE$21, "Not found", 0),"Rb",_xlfn.XLOOKUP(E8&"|"&B8, Calculate_cap_emi!$I$14:$I$21&"|"&Calculate_cap_emi!$L$14:$L$21, Calculate_cap_emi!$BG$14:$BG$21, "Not found", 0),"Rl",_xlfn.XLOOKUP(E8&"|"&B8, Calculate_cap_emi!$I$14:$I$21&"|"&Calculate_cap_emi!$L$14:$L$21, Calculate_cap_emi!$BH$14:$BH$21, "Not found", 0),"HP",_xlfn.XLOOKUP(E8&"|"&B8, Calculate_cap_emi!$I$14:$I$21&"|"&Calculate_cap_emi!$L$14:$L$21, Calculate_cap_emi!$BF$14:$BF$21, "Not found", 0),"HPl",_xlfn.XLOOKUP(E8&"|"&B8, Calculate_cap_emi!$I$14:$I$21&"|"&Calculate_cap_emi!$L$14:$L$21, Calculate_cap_emi!$BI$14:$BI$21, "Not found", 0),"Missing")} -> 0 | U8: {=_xlfn.SWITCH(F8,"R",_xlfn.XLOOKUP(E8&"|"&B8, Calculate_cap_emi_sens!$I$14:$I$21&"|"&Calculate_cap_emi_sens!$L$14:$L$21, Calculate_cap_emi_sens!$AX$14:$AX$21, "Not found", 0),"Rb",_xlfn.XLOOKUP(E8&"|"&B8, Calculate_cap_emi_sens!$I$14:$I$21&"|"&Calculate_cap_emi_sens!$L$14:$L$21, Calculate_cap_emi_sens!$AZ$14:$AZ$21, "Not found", 0),"Rl",_xlfn.XLOOKUP(E8&"|"&B8, Calculate_cap_emi_sens!$I$14:$I$21&"|"&Calculate_cap_emi_sens!$L$14:$L$21, Calculate_cap_emi_sens!$BA$14:$BA$21, "Not found", 0),"HP",_xlfn.XLOOKUP(E8&"|"&B8, Calculate_cap_emi_sens!$I$14:$I$21&"|"&Calculate_cap_emi_sens!$L$14:$L$21, Calculate_cap_emi_sens!$AY$14:$AY$21, "Not found", 0),"HPl",_xlfn.XLOOKUP(E8&"|"&B8, Calculate_cap_emi_sens!$I$14:$I$21&"|"&Calculate_cap_emi_sens!$L$14:$L$21, Calculate_cap_emi_sens!$BB$14:$BB$21, "Not found", 0),"Missing")} -> 48.778403 | V8: {=_xlfn.SWITCH(F8,"R",_xlfn.XLOOKUP(E8&"|"&B8, Calculate_cap_emi_sens!$I$14:$I$21&"|"&Calculate_cap_emi_sens!$L$14:$L$21, Calculate_cap_emi_sens!$BE$14:$BE$21, "Not found", 0),"Rb",_xlfn.XLOOKUP(E8&"|"&B8, Calculate_cap_emi_sens!$I$14:$I$21&"|"&Calculate_cap_emi_sens!$L$14:$L$21, Calculate_cap_emi_sens!$BG$14:$BG$21, "Not found", 0),"Rl",_xlfn.XLOOKUP(E8&"|"&B8, Calculate_cap_emi_sens!$I$14:$I$21&"|"&Calculate_cap_emi_sens!$L$14:$L$21, Calculate_cap_emi_sens!$BH$14:$BH$21, "Not found", 0),"HP",_xlfn.XLOOKUP(E8&"|"&B8, Calculate_cap_emi_sens!$I$14:$I$21&"|"&Calculate_cap_emi_sens!$L$14:$L$21, Calculate_cap_emi_sens!$BF$14:$BF$21, "Not found", 0),"HPl",_xlfn.XLOOKUP(E8&"|"&B8, Calculate_cap_emi_sens!$I$14:$I$21&"|"&Calculate_cap_emi_sens!$L$14:$L$21, Calculate_cap_emi_sens!$BI$14:$BI$21, "Not found", 0),"Missing")} -> 0 | W8: =Results_proc_ener!L8 -> 23714.79 | X8: =Results_proc_ener!M8 -> 0 | Y8: =Results_proc_ener!N8 -> 0 | Z8: =Results_proc_ener!O8 -> 0 | AA8: =Results_proc_ener!P8 -> 0 | AB8: =Results_proc_ener!Q8 -> 870.99418 | AC8: =Results_proc_ener!R8 -> 17.260195 | AD8: =Results_proc_ener!S8 -> 102.23401 | AE8: =Results_proc_ener!T8 -> 0
A9: Mod-H1-Ideal | B9: =_xlfn.TEXTBEFORE(A9, "-", 2) -> Mod-H1 | C9: =_xlfn.TEXTBEFORE(A9, "-", 1) -> Mod | D9: =_xlfn.TEXTAFTER(B9, "-", 1) -> H1 | E9: AK | F9: R | I9: {=_xlfn.SWITCH(F9,"R",_xlfn.XLOOKUP(E9&"|"&B9, Calculate_cap_emi!$I$14:$I$21&"|"&Calculate_cap_emi!$L$14:$L$21, Calculate_cap_emi!$W$14:$W$21, "Not found", 0),"Rb",_xlfn.XLOOKUP(E9&"|"&B9, Calculate_cap_emi!$I$14:$I$21&"|"&Calculate_cap_emi!$L$14:$L$21, Calculate_cap_emi!$Y$14:$Y$21, "Not found", 0),"Rl",_xlfn.XLOOKUP(E9&"|"&B9, Calculate_cap_emi!$I$14:$I$21&"|"&Calculate_cap_emi!$L$14:$L$21, Calculate_cap_emi!$Z$14:$Z$21, "Not found", 0),0)} -> 8.5 | L9: {=_xlfn.SWITCH(F9,"R",_xlfn.XLOOKUP(E9&"|"&B9, Calculate_cap_emi!$I$14:$I$21&"|"&Calculate_cap_emi!$L$14:$L$21, Calculate_cap_emi!$AC$14:$AC$21, "Not found", 0),"Rb",_xlfn.XLOOKUP(E9&"|"&B9, Calculate_cap_emi!$I$14:$I$21&"|"&Calculate_cap_emi!$L$14:$L$21, Calculate_cap_emi!$AE$14:$AE$21, "Not found", 0),"Rl",_xlfn.XLOOKUP(E9&"|"&B9, Calculate_cap_emi!$I$14:$I$21&"|"&Calculate_cap_emi!$L$14:$L$21, Calculate_cap_emi!$AF$14:$AF$21, "Not found", 0),"HP",_xlfn.XLOOKUP(E9&"|"&B9, Calculate_cap_emi!$I$14:$I$21&"|"&Calculate_cap_emi!$L$14:$L$21, Calculate_cap_emi!$AD$14:$AD$21, "Not found", 0),"HPl",_xlfn.XLOOKUP(E9&"|"&B9, Calculate_cap_emi!$I$14:$I$21&"|"&Calculate_cap_emi!$L$14:$L$21, Calculate_cap_emi!$AG$14:$AG$21, "Not found", 0),"Missing")} -> 905.12944 | Q9: {=_xlfn.SWITCH(F9,"R",_xlfn.XLOOKUP(E9&"|"&B9, Calculate_cap_emi!$I$14:$I$21&"|"&Calculate_cap_emi!$L$14:$L$21, Calculate_cap_emi!$AJ$14:$AJ$21, "Not found", 0),"Rb",_xlfn.XLOOKUP(E9&"|"&B9, Calculate_cap_emi!$I$14:$I$21&"|"&Calculate_cap_emi!$L$14:$L$21, Calculate_cap_emi!$AL$14:$AL$21, "Not found", 0),"Rl",_xlfn.XLOOKUP(E9&"|"&B9, Calculate_cap_emi!$I$14:$I$21&"|"&Calculate_cap_emi!$L$14:$L$21, Calculate_cap_emi!$AM$14:$AM$21, "Not found", 0),"HP",_xlfn.XLOOKUP(E9&"|"&B9, Calculate_cap_emi!$I$14:$I$21&"|"&Calculate_cap_emi!$L$14:$L$21, Calculate_cap_emi!$AK$14:$AK$21, "Not found", 0),"HPl",_xlfn.XLOOKUP(E9&"|"&B9, Calculate_cap_emi!$I$14:$I$21&"|"&Calculate_cap_emi!$L$14:$L$21, Calculate_cap_emi!$AN$14:$AN$21, "Not found", 0),"Missing")} -> 41.12606 | R9: {=_xlfn.SWITCH(F9,"R",_xlfn.XLOOKUP(E9&"|"&B9, Calculate_cap_emi!$I$14:$I$21&"|"&Calculate_cap_emi!$L$14:$L$21, Calculate_cap_emi!$AQ$14:$AQ$21, "Not found", 0),"Rb",_xlfn.XLOOKUP(E9&"|"&B9, Calculate_cap_emi!$I$14:$I$21&"|"&Calculate_cap_emi!$L$14:$L$21, Calculate_cap_emi!$AS$14:$AS$21, "Not found", 0),"Rl",_xlfn.XLOOKUP(E9&"|"&B9, Calculate_cap_emi!$I$14:$I$21&"|"&Calculate_cap_emi!$L$14:$L$21, Calculate_cap_emi!$AT$14:$AT$21, "Not found", 0),"HP",_xlfn.XLOOKUP(E9&"|"&B9, Calculate_cap_emi!$I$14:$I$21&"|"&Calculate_cap_emi!$L$14:$L$21, Calculate_cap_emi!$AR$14:$AR$21, "Not found", 0),"HPl",_xlfn.XLOOKUP(E9&"|"&B9, Calculate_cap_emi!$I$14:$I$21&"|"&Calculate_cap_emi!$L$14:$L$21, Calculate_cap_emi!$AU$14:$AU$21, "Not found", 0),"Missing")} -> 4.9649423 | S9: {=_xlfn.SWITCH(F9,"R",_xlfn.XLOOKUP(E9&"|"&B9, Calculate_cap_emi!$I$14:$I$21&"|"&Calculate_cap_emi!$L$14:$L$21, Calculate_cap_emi!$AX$14:$AX$21, "Not found", 0),"Rb",_xlfn.XLOOKUP(E9&"|"&B9, Calculate_cap_emi!$I$14:$I$21&"|"&Calculate_cap_emi!$L$14:$L$21, Calculate_cap_emi!$AZ$14:$AZ$21, "Not found", 0),"Rl",_xlfn.XLOOKUP(E9&"|"&B9, Calculate_cap_emi!$I$14:$I$21&"|"&Calculate_cap_emi!$L$14:$L$21, Calculate_cap_emi!$BA$14:$BA$21, "Not found", 0),"HP",_xlfn.XLOOKUP(E9&"|"&B9, Calculate_cap_emi!$I$14:$I$21&"|"&Calculate_cap_emi!$L$14:$L$21, Calculate_cap_emi!$AY$14:$AY$21, "Not found", 0),"HPl",_xlfn.XLOOKUP(E9&"|"&B9, Calculate_cap_emi!$I$14:$I$21&"|"&Calculate_cap_emi!$L$14:$L$21, Calculate_cap_emi!$BB$14:$BB$21, "Not found", 0),"Missing")} -> 48.778403 | T9: {=_xlfn.SWITCH(F9,"R",_xlfn.XLOOKUP(E9&"|"&B9, Calculate_cap_emi!$I$14:$I$21&"|"&Calculate_cap_emi!$L$14:$L$21, Calculate_cap_emi!$BE$14:$BE$21, "Not found", 0),"Rb",_xlfn.XLOOKUP(E9&"|"&B9, Calculate_cap_emi!$I$14:$I$21&"|"&Calculate_cap_emi!$L$14:$L$21, Calculate_cap_emi!$BG$14:$BG$21, "Not found", 0),"Rl",_xlfn.XLOOKUP(E9&"|"&B9, Calculate_cap_emi!$I$14:$I$21&"|"&Calculate_cap_emi!$L$14:$L$21, Calculate_cap_emi!$BH$14:$BH$21, "Not found", 0),"HP",_xlfn.XLOOKUP(E9&"|"&B9, Calculate_cap_emi!$I$14:$I$21&"|"&Calculate_cap_emi!$L$14:$L$21, Calculate_cap_emi!$BF$14:$BF$21, "Not found", 0),"HPl",_xlfn.XLOOKUP(E9&"|"&B9, Calculate_cap_emi!$I$14:$I$21&"|"&Calculate_cap_emi!$L$14:$L$21, Calculate_cap_emi!$BI$14:$BI$21, "Not found", 0),"Missing")} -> 0 | U9: {=_xlfn.SWITCH(F9,"R",_xlfn.XLOOKUP(E9&"|"&B9, Calculate_cap_emi_sens!$I$14:$I$21&"|"&Calculate_cap_emi_sens!$L$14:$L$21, Calculate_cap_emi_sens!$AX$14:$AX$21, "Not found", 0),"Rb",_xlfn.XLOOKUP(E9&"|"&B9, Calculate_cap_emi_sens!$I$14:$I$21&"|"&Calculate_cap_emi_sens!$L$14:$L$21, Calculate_cap_emi_sens!$AZ$14:$AZ$21, "Not found", 0),"Rl",_xlfn.XLOOKUP(E9&"|"&B9, Calculate_cap_emi_sens!$I$14:$I$21&"|"&Calculate_cap_emi_sens!$L$14:$L$21, Calculate_cap_emi_sens!$BA$14:$BA$21, "Not found", 0),"HP",_xlfn.XLOOKUP(E9&"|"&B9, Calculate_cap_emi_sens!$I$14:$I$21&"|"&Calculate_cap_emi_sens!$L$14:$L$21, Calculate_cap_emi_sens!$AY$14:$AY$21, "Not found", 0),"HPl",_xlfn.XLOOKUP(E9&"|"&B9, Calculate_cap_emi_sens!$I$14:$I$21&"|"&Calculate_cap_emi_sens!$L$14:$L$21, Calculate_cap_emi_sens!$BB$14:$BB$21, "Not found", 0),"Missing")} -> 48.778403 | V9: {=_xlfn.SWITCH(F9,"R",_xlfn.XLOOKUP(E9&"|"&B9, Calculate_cap_emi_sens!$I$14:$I$21&"|"&Calculate_cap_emi_sens!$L$14:$L$21, Calculate_cap_emi_sens!$BE$14:$BE$21, "Not found", 0),"Rb",_xlfn.XLOOKUP(E9&"|"&B9, Calculate_cap_emi_sens!$I$14:$I$21&"|"&Calculate_cap_emi_sens!$L$14:$L$21, Calculate_cap_emi_sens!$BG$14:$BG$21, "Not found", 0),"Rl",_xlfn.XLOOKUP(E9&"|"&B9, Calculate_cap_emi_sens!$I$14:$I$21&"|"&Calculate_cap_emi_sens!$L$14:$L$21, Calculate_cap_emi_sens!$BH$14:$BH$21, "Not found", 0),"HP",_xlfn.XLOOKUP(E9&"|"&B9, Calculate_cap_emi_sens!$I$14:$I$21&"|"&Calculate_cap_emi_sens!$L$14:$L$21, Calculate_cap_emi_sens!$BF$14:$BF$21, "Not found", 0),"HPl",_xlfn.XLOOKUP(E9&"|"&B9, Calculate_cap_emi_sens!$I$14:$I$21&"|"&Calculate_cap_emi_sens!$L$14:$L$21, Calculate_cap_emi_sens!$BI$14:$BI$21, "Not found", 0),"Missing")} -> 0 | W9: =Results_proc_ener!L9 -> 23714.79 | X9: =Results_proc_ener!M9 -> 0 | Y9: =Results_proc_ener!N9 -> 0 | Z9: =Results_proc_ener!O9 -> 0 | AA9: =Results_proc_ener!P9 -> 0 | AB9: =Results_proc_ener!Q9 -> 870.99418 | AC9: =Results_proc_ener!R9 -> 17.260195 | AD9: =Results_proc_ener!S9 -> 102.23401 | AE9: =Results_proc_ener!T9 -> 0
A10: Mass-Nom-Real | B10: =_xlfn.TEXTBEFORE(A10, "-", 2) -> Mass-Nom | C10: =_xlfn.TEXTBEFORE(A10, "-", 1) -> Mass | D10: =_xlfn.TEXTAFTER(B10, "-", 1) -> Nom | E10: CH | F10: R | I10: {=_xlfn.SWITCH(F10,"R",_xlfn.XLOOKUP(E10&"|"&B10, Calculate_cap_emi!$I$14:$I$21&"|"&Calculate_cap_emi!$L$14:$L$21, Calculate_cap_emi!$W$14:$W$21, "Not found", 0),"Rb",_xlfn.XLOOKUP(E10&"|"&B10, Calculate_cap_emi!$I$14:$I$21&"|"&Calculate_cap_emi!$L$14:$L$21, Calculate_cap_emi!$Y$14:$Y$21, "Not found", 0),"Rl",_xlfn.XLOOKUP(E10&"|"&B10, Calculate_cap_emi!$I$14:$I$21&"|"&Calculate_cap_emi!$L$14:$L$21, Calculate_cap_emi!$Z$14:$Z$21, "Not found", 0),0)} -> 15.5 | L10: {=_xlfn.SWITCH(F10,"R",_xlfn.XLOOKUP(E10&"|"&B10, Calculate_cap_emi!$I$14:$I$21&"|"&Calculate_cap_emi!$L$14:$L$21, Calculate_cap_emi!$AC$14:$AC$21, "Not found", 0),"Rb",_xlfn.XLOOKUP(E10&"|"&B10, Calculate_cap_emi!$I$14:$I$21&"|"&Calculate_cap_emi!$L$14:$L$21, Calculate_cap_emi!$AE$14:$AE$21, "Not found", 0),"Rl",_xlfn.XLOOKUP(E10&"|"&B10, Calculate_cap_emi!$I$14:$I$21&"|"&Calculate_cap_emi!$L$14:$L$21, Calculate_cap_emi!$AF$14:$AF$21, "Not found", 0),"HP",_xlfn.XLOOKUP(E10&"|"&B10, Calculate_cap_emi!$I$14:$I$21&"|"&Calculate_cap_emi!$L$14:$L$21, Calculate_cap_emi!$AD$14:$AD$21, "Not found", 0),"HPl",_xlfn.XLOOKUP(E10&"|"&B10, Calculate_cap_emi!$I$14:$I$21&"|"&Calculate_cap_emi!$L$14:$L$21, Calculate_cap_emi!$AG$14:$AG$21, "Not found", 0),"Missing")} -> 1372.8368 | Q10: {=_xlfn.SWITCH(F10,"R",_xlfn.XLOOKUP(E10&"|"&B10, Calculate_cap_emi!$I$14:$I$21&"|"&Calculate_cap_emi!$L$14:$L$21, Calculate_cap_emi!$AJ$14:$AJ$21, "Not found", 0),"Rb",_xlfn.XLOOKUP(E10&"|"&B10, Calculate_cap_emi!$I$14:$I$21&"|"&Calculate_cap_emi!$L$14:$L$21, Calculate_cap_emi!$AL$14:$AL$21, "Not found", 0),"Rl",_xlfn.XLOOKUP(E10&"|"&B10, Calculate_cap_emi!$I$14:$I$21&"|"&Calculate_cap_emi!$L$14:$L$21, Calculate_cap_emi!$AM$14:$AM$21, "Not found", 0),"HP",_xlfn.XLOOKUP(E10&"|"&B10, Calculate_cap_emi!$I$14:$I$21&"|"&Calculate_cap_emi!$L$14:$L$21, Calculate_cap_emi!$AK$14:$AK$21, "Not found", 0),"HPl",_xlfn.XLOOKUP(E10&"|"&B10, Calculate_cap_emi!$I$14:$I$21&"|"&Calculate_cap_emi!$L$14:$L$21, Calculate_cap_emi!$AN$14:$AN$21, "Not found", 0),"Missing")} -> 66.608076 | R10: {=_xlfn.SWITCH(F10,"R",_xlfn.XLOOKUP(E10&"|"&B10, Calculate_cap_emi!$I$14:$I$21&"|"&Calculate_cap_emi!$L$14:$L$21, Calculate_cap_emi!$AQ$14:$AQ$21, "Not found", 0),"Rb",_xlfn.XLOOKUP(E10&"|"&B10, Calculate_cap_emi!$I$14:$I$21&"|"&Calculate_cap_emi!$L$14:$L$21, Calculate_cap_emi!$AS$14:$AS$21, "Not found", 0),"Rl",_xlfn.XLOOKUP(E10&"|"&B10, Calculate_cap_emi!$I$14:$I$21&"|"&Calculate_cap_emi!$L$14:$L$21, Calculate_cap_emi!$AT$14:$AT$21, "Not found", 0),"HP",_xlfn.XLOOKUP(E10&"|"&B10, Calculate_cap_emi!$I$14:$I$21&"|"&Calculate_cap_emi!$L$14:$L$21, Calculate_cap_emi!$AR$14:$AR$21, "Not found", 0),"HPl",_xlfn.XLOOKUP(E10&"|"&B10, Calculate_cap_emi!$I$14:$I$21&"|"&Calculate_cap_emi!$L$14:$L$21, Calculate_cap_emi!$AU$14:$AU$21, "Not found", 0),"Missing")} -> 6.9272476 | S10: {=_xlfn.SWITCH(F10,"R",_xlfn.XLOOKUP(E10&"|"&B10, Calculate_cap_emi!$I$14:$I$21&"|"&Calculate_cap_emi!$L$14:$L$21, Calculate_cap_emi!$AX$14:$AX$21, "Not found", 0),"Rb",_xlfn.XLOOKUP(E10&"|"&B10, Calculate_cap_emi!$I$14:$I$21&"|"&Calculate_cap_emi!$L$14:$L$21, Calculate_cap_emi!$AZ$14:$AZ$21, "Not found", 0),"Rl",_xlfn.XLOOKUP(E10&"|"&B10, Calculate_cap_emi!$I$14:$I$21&"|"&Calculate_cap_emi!$L$14:$L$21, Calculate_cap_emi!$BA$14:$BA$21, "Not found", 0),"HP",_xlfn.XLOOKUP(E10&"|"&B10, Calculate_cap_emi!$I$14:$I$21&"|"&Calculate_cap_emi!$L$14:$L$21, Calculate_cap_emi!$AY$14:$AY$21, "Not found", 0),"HPl",_xlfn.XLOOKUP(E10&"|"&B10, Calculate_cap_emi!$I$14:$I$21&"|"&Calculate_cap_emi!$L$14:$L$21, Calculate_cap_emi!$BB$14:$BB$21, "Not found", 0),"Missing")} -> 78.854138 | T10: {=_xlfn.SWITCH(F10,"R",_xlfn.XLOOKUP(E10&"|"&B10, Calculate_cap_emi!$I$14:$I$21&"|"&Calculate_cap_emi!$L$14:$L$21, Calculate_cap_emi!$BE$14:$BE$21, "Not found", 0),"Rb",_xlfn.XLOOKUP(E10&"|"&B10, Calculate_cap_emi!$I$14:$I$21&"|"&Calculate_cap_emi!$L$14:$L$21, Calculate_cap_emi!$BG$14:$BG$21, "Not found", 0),"Rl",_xlfn.XLOOKUP(E10&"|"&B10, Calculate_cap_emi!$I$14:$I$21&"|"&Calculate_cap_emi!$L$14:$L$21, Calculate_cap_emi!$BH$14:$BH$21, "Not found", 0),"HP",_xlfn.XLOOKUP(E10&"|"&B10, Calculate_cap_emi!$I$14:$I$21&"|"&Calculate_cap_emi!$L$14:$L$21, Calculate_cap_emi!$BF$14:$BF$21, "Not found", 0),"HPl",_xlfn.XLOOKUP(E10&"|"&B10, Calculate_cap_emi!$I$14:$I$21&"|"&Calculate_cap_emi!$L$14:$L$21, Calculate_cap_emi!$BI$14:$BI$21, "Not found", 0),"Missing")} -> 0 | U10: {=_xlfn.SWITCH(F10,"R",_xlfn.XLOOKUP(E10&"|"&B10, Calculate_cap_emi_sens!$I$14:$I$21&"|"&Calculate_cap_emi_sens!$L$14:$L$21, Calculate_cap_emi_sens!$AX$14:$AX$21, "Not found", 0),"Rb",_xlfn.XLOOKUP(E10&"|"&B10, Calculate_cap_emi_sens!$I$14:$I$21&"|"&Calculate_cap_emi_sens!$L$14:$L$21, Calculate_cap_emi_sens!$AZ$14:$AZ$21, "Not found", 0),"Rl",_xlfn.XLOOKUP(E10&"|"&B10, Calculate_cap_emi_sens!$I$14:$I$21&"|"&Calculate_cap_emi_sens!$L$14:$L$21, Calculate_cap_emi_sens!$BA$14:$BA$21, "Not found", 0),"HP",_xlfn.XLOOKUP(E10&"|"&B10, Calculate_cap_emi_sens!$I$14:$I$21&"|"&Calculate_cap_emi_sens!$L$14:$L$21, Calculate_cap_emi_sens!$AY$14:$AY$21, "Not found", 0),"HPl",_xlfn.XLOOKUP(E10&"|"&B10, Calculate_cap_emi_sens!$I$14:$I$21&"|"&Calculate_cap_emi_sens!$L$14:$L$21, Calculate_cap_emi_sens!$BB$14:$BB$21, "Not found", 0),"Missing")} -> 78.854138 | V10: {=_xlfn.SWITCH(F10,"R",_xlfn.XLOOKUP(E10&"|"&B10, Calculate_cap_emi_sens!$I$14:$I$21&"|"&Calculate_cap_emi_sens!$L$14:$L$21, Calculate_cap_emi_sens!$BE$14:$BE$21, "Not found", 0),"Rb",_xlfn.XLOOKUP(E10&"|"&B10, Calculate_cap_emi_sens!$I$14:$I$21&"|"&Calculate_cap_emi_sens!$L$14:$L$21, Calculate_cap_emi_sens!$BG$14:$BG$21, "Not found", 0),"Rl",_xlfn.XLOOKUP(E10&"|"&B10, Calculate_cap_emi_sens!$I$14:$I$21&"|"&Calculate_cap_emi_sens!$L$14:$L$21, Calculate_cap_emi_sens!$BH$14:$BH$21, "Not found", 0),"HP",_xlfn.XLOOKUP(E10&"|"&B10, Calculate_cap_emi_sens!$I$14:$I$21&"|"&Calculate_cap_emi_sens!$L$14:$L$21, Calculate_cap_emi_sens!$BF$14:$BF$21, "Not found", 0),"HPl",_xlfn.XLOOKUP(E10&"|"&B10, Calculate_cap_emi_sens!$I$14:$I$21&"|"&Calculate_cap_emi_sens!$L$14:$L$21, Calculate_cap_emi_sens!$BI$14:$BI$21, "Not found", 0),"Missing")} -> 0 | W10: =Results_proc_ener!L10 -> 36110.498 | X10: =Results_proc_ener!M10 -> 0 | Y10: =Results_proc_ener!N10 -> 0 | Z10: =Results_proc_ener!O10 -> 0 | AA10: =Results_proc_ener!P10 -> 0 | AB10: =Results_proc_ener!Q10 -> 1410.6687 | AC10: =Results_proc_ener!R10 -> 25.98724 | AD10: =Results_proc_ener!S10 -> 148.6705 | AE10: =Results_proc_ener!T10 -> 0
A11: Mass-Nom-Ideal | B11: =_xlfn.TEXTBEFORE(A11, "-", 2) -> Mass-Nom | C11: =_xlfn.TEXTBEFORE(A11, "-", 1) -> Mass | D11: =_xlfn.TEXTAFTER(B11, "-", 1) -> Nom | E11: CH | F11: R | I11: {=_xlfn.SWITCH(F11,"R",_xlfn.XLOOKUP(E11&"|"&B11, Calculate_cap_emi!$I$14:$I$21&"|"&Calculate_cap_emi!$L$14:$L$21, Calculate_cap_emi!$W$14:$W$21, "Not found", 0),"Rb",_xlfn.XLOOKUP(E11&"|"&B11, Calculate_cap_emi!$I$14:$I$21&"|"&Calculate_cap_emi!$L$14:$L$21, Calculate_cap_emi!$Y$14:$Y$21, "Not found", 0),"Rl",_xlfn.XLOOKUP(E11&"|"&B11, Calculate_cap_emi!$I$14:$I$21&"|"&Calculate_cap_emi!$L$14:$L$21, Calculate_cap_emi!$Z$14:$Z$21, "Not found", 0),0)} -> 15.5 | L11: {=_xlfn.SWITCH(F11,"R",_xlfn.XLOOKUP(E11&"|"&B11, Calculate_cap_emi!$I$14:$I$21&"|"&Calculate_cap_emi!$L$14:$L$21, Calculate_cap_emi!$AC$14:$AC$21, "Not found", 0),"Rb",_xlfn.XLOOKUP(E11&"|"&B11, Calculate_cap_emi!$I$14:$I$21&"|"&Calculate_cap_emi!$L$14:$L$21, Calculate_cap_emi!$AE$14:$AE$21, "Not found", 0),"Rl",_xlfn.XLOOKUP(E11&"|"&B11, Calculate_cap_emi!$I$14:$I$21&"|"&Calculate_cap_emi!$L$14:$L$21, Calculate_cap_emi!$AF$14:$AF$21, "Not found", 0),"HP",_xlfn.XLOOKUP(E11&"|"&B11, Calculate_cap_emi!$I$14:$I$21&"|"&Calculate_cap_emi!$L$14:$L$21, Calculate_cap_emi!$AD$14:$AD$21, "Not found", 0),"HPl",_xlfn.XLOOKUP(E11&"|"&B11, Calculate_cap_emi!$I$14:$I$21&"|"&Calculate_cap_emi!$L$14:$L$21, Calculate_cap_emi!$AG$14:$AG$21, "Not found", 0),"Missing")} -> 1372.8368 | Q11: {=_xlfn.SWITCH(F11,"R",_xlfn.XLOOKUP(E11&"|"&B11, Calculate_cap_emi!$I$14:$I$21&"|"&Calculate_cap_emi!$L$14:$L$21, Calculate_cap_emi!$AJ$14:$AJ$21, "Not found", 0),"Rb",_xlfn.XLOOKUP(E11&"|"&B11, Calculate_cap_emi!$I$14:$I$21&"|"&Calculate_cap_emi!$L$14:$L$21, Calculate_cap_emi!$AL$14:$AL$21, "Not found", 0),"Rl",_xlfn.XLOOKUP(E11&"|"&B11, Calculate_cap_emi!$I$14:$I$21&"|"&Calculate_cap_emi!$L$14:$L$21, Calculate_cap_emi!$AM$14:$AM$21, "Not found", 0),"HP",_xlfn.XLOOKUP(E11&"|"&B11, Calculate_cap_emi!$I$14:$I$21&"|"&Calculate_cap_emi!$L$14:$L$21, Calculate_cap_emi!$AK$14:$AK$21, "Not found", 0),"HPl",_xlfn.XLOOKUP(E11&"|"&B11, Calculate_cap_emi!$I$14:$I$21&"|"&Calculate_cap_emi!$L$14:$L$21, Calculate_cap_emi!$AN$14:$AN$21, "Not found", 0),"Missing")} -> 66.608076 | R11: {=_xlfn.SWITCH(F11,"R",_xlfn.XLOOKUP(E11&"|"&B11, Calculate_cap_emi!$I$14:$I$21&"|"&Calculate_cap_emi!$L$14:$L$21, Calculate_cap_emi!$AQ$14:$AQ$21, "Not found", 0),"Rb",_xlfn.XLOOKUP(E11&"|"&B11, Calculate_cap_emi!$I$14:$I$21&"|"&Calculate_cap_emi!$L$14:$L$21, Calculate_cap_emi!$AS$14:$AS$21, "Not found", 0),"Rl",_xlfn.XLOOKUP(E11&"|"&B11, Calculate_cap_emi!$I$14:$I$21&"|"&Calculate_cap_emi!$L$14:$L$21, Calculate_cap_emi!$AT$14:$AT$21, "Not found", 0),"HP",_xlfn.XLOOKUP(E11&"|"&B11, Calculate_cap_emi!$I$14:$I$21&"|"&Calculate_cap_emi!$L$14:$L$21, Calculate_cap_emi!$AR$14:$AR$21, "Not found", 0),"HPl",_xlfn.XLOOKUP(E11&"|"&B11, Calculate_cap_emi!$I$14:$I$21&"|"&Calculate_cap_emi!$L$14:$L$21, Calculate_cap_emi!$AU$14:$AU$21, "Not found", 0),"Missing")} -> 6.9272476 | S11: {=_xlfn.SWITCH(F11,"R",_xlfn.XLOOKUP(E11&"|"&B11, Calculate_cap_emi!$I$14:$I$21&"|"&Calculate_cap_emi!$L$14:$L$21, Calculate_cap_emi!$AX$14:$AX$21, "Not found", 0),"Rb",_xlfn.XLOOKUP(E11&"|"&B11, Calculate_cap_emi!$I$14:$I$21&"|"&Calculate_cap_emi!$L$14:$L$21, Calculate_cap_emi!$AZ$14:$AZ$21, "Not found", 0),"Rl",_xlfn.XLOOKUP(E11&"|"&B11, Calculate_cap_emi!$I$14:$I$21&"|"&Calculate_cap_emi!$L$14:$L$21, Calculate_cap_emi!$BA$14:$BA$21, "Not found", 0),"HP",_xlfn.XLOOKUP(E11&"|"&B11, Calculate_cap_emi!$I$14:$I$21&"|"&Calculate_cap_emi!$L$14:$L$21, Calculate_cap_emi!$AY$14:$AY$21, "Not found", 0),"HPl",_xlfn.XLOOKUP(E11&"|"&B11, Calculate_cap_emi!$I$14:$I$21&"|"&Calculate_cap_emi!$L$14:$L$21, Calculate_cap_emi!$BB$14:$BB$21, "Not found", 0),"Missing")} -> 78.854138 | T11: {=_xlfn.SWITCH(F11,"R",_xlfn.XLOOKUP(E11&"|"&B11, Calculate_cap_emi!$I$14:$I$21&"|"&Calculate_cap_emi!$L$14:$L$21, Calculate_cap_emi!$BE$14:$BE$21, "Not found", 0),"Rb",_xlfn.XLOOKUP(E11&"|"&B11, Calculate_cap_emi!$I$14:$I$21&"|"&Calculate_cap_emi!$L$14:$L$21, Calculate_cap_emi!$BG$14:$BG$21, "Not found", 0),"Rl",_xlfn.XLOOKUP(E11&"|"&B11, Calculate_cap_emi!$I$14:$I$21&"|"&Calculate_cap_emi!$L$14:$L$21, Calculate_cap_emi!$BH$14:$BH$21, "Not found", 0),"HP",_xlfn.XLOOKUP(E11&"|"&B11, Calculate_cap_emi!$I$14:$I$21&"|"&Calculate_cap_emi!$L$14:$L$21, Calculate_cap_emi!$BF$14:$BF$21, "Not found", 0),"HPl",_xlfn.XLOOKUP(E11&"|"&B11, Calculate_cap_emi!$I$14:$I$21&"|"&Calculate_cap_emi!$L$14:$L$21, Calculate_cap_emi!$BI$14:$BI$21, "Not found", 0),"Missing")} -> 0 | U11: {=_xlfn.SWITCH(F11,"R",_xlfn.XLOOKUP(E11&"|"&B11, Calculate_cap_emi_sens!$I$14:$I$21&"|"&Calculate_cap_emi_sens!$L$14:$L$21, Calculate_cap_emi_sens!$AX$14:$AX$21, "Not found", 0),"Rb",_xlfn.XLOOKUP(E11&"|"&B11, Calculate_cap_emi_sens!$I$14:$I$21&"|"&Calculate_cap_emi_sens!$L$14:$L$21, Calculate_cap_emi_sens!$AZ$14:$AZ$21, "Not found", 0),"Rl",_xlfn.XLOOKUP(E11&"|"&B11, Calculate_cap_emi_sens!$I$14:$I$21&"|"&Calculate_cap_emi_sens!$L$14:$L$21, Calculate_cap_emi_sens!$BA$14:$BA$21, "Not found", 0),"HP",_xlfn.XLOOKUP(E11&"|"&B11, Calculate_cap_emi_sens!$I$14:$I$21&"|"&Calculate_cap_emi_sens!$L$14:$L$21, Calculate_cap_emi_sens!$AY$14:$AY$21, "Not found", 0),"HPl",_xlfn.XLOOKUP(E11&"|"&B11, Calculate_cap_emi_sens!$I$14:$I$21&"|"&Calculate_cap_emi_sens!$L$14:$L$21, Calculate_cap_emi_sens!$BB$14:$BB$21, "Not found", 0),"Missing")} -> 78.854138 | V11: {=_xlfn.SWITCH(F11,"R",_xlfn.XLOOKUP(E11&"|"&B11, Calculate_cap_emi_sens!$I$14:$I$21&"|"&Calculate_cap_emi_sens!$L$14:$L$21, Calculate_cap_emi_sens!$BE$14:$BE$21, "Not found", 0),"Rb",_xlfn.XLOOKUP(E11&"|"&B11, Calculate_cap_emi_sens!$I$14:$I$21&"|"&Calculate_cap_emi_sens!$L$14:$L$21, Calculate_cap_emi_sens!$BG$14:$BG$21, "Not found", 0),"Rl",_xlfn.XLOOKUP(E11&"|"&B11, Calculate_cap_emi_sens!$I$14:$I$21&"|"&Calculate_cap_emi_sens!$L$14:$L$21, Calculate_cap_emi_sens!$BH$14:$BH$21, "Not found", 0),"HP",_xlfn.XLOOKUP(E11&"|"&B11, Calculate_cap_emi_sens!$I$14:$I$21&"|"&Calculate_cap_emi_sens!$L$14:$L$21, Calculate_cap_emi_sens!$BF$14:$BF$21, "Not found", 0),"HPl",_xlfn.XLOOKUP(E11&"|"&B11, Calculate_cap_emi_sens!$I$14:$I$21&"|"&Calculate_cap_emi_sens!$L$14:$L$21, Calculate_cap_emi_sens!$BI$14:$BI$21, "Not found", 0),"Missing")} -> 0 | W11: =Results_proc_ener!L11 -> 36110.498 | X11: =Results_proc_ener!M11 -> 0 | Y11: =Results_proc_ener!N11 -> 0 | Z11: =Results_proc_ener!O11 -> 0 | AA11: =Results_proc_ener!P11 -> 0 | AB11: =Results_proc_ener!Q11 -> 1410.6687 | AC11: =Results_proc_ener!R11 -> 25.98724 | AD11: =Results_proc_ener!S11 -> 148.6705 | AE11: =Results_proc_ener!T11 -> 0
A12: Mass-H1-Real | B12: =_xlfn.TEXTBEFORE(A12, "-", 2) -> Mass-H1 | C12: =_xlfn.TEXTBEFORE(A12, "-", 1) -> Mass | D12: =_xlfn.TEXTAFTER(B12, "-", 1) -> H1 | E12: CH | F12: R | I12: {=_xlfn.SWITCH(F12,"R",_xlfn.XLOOKUP(E12&"|"&B12, Calculate_cap_emi!$I$14:$I$21&"|"&Calculate_cap_emi!$L$14:$L$21, Calculate_cap_emi!$W$14:$W$21, "Not found", 0),"Rb",_xlfn.XLOOKUP(E12&"|"&B12, Calculate_cap_emi!$I$14:$I$21&"|"&Calculate_cap_emi!$L$14:$L$21, Calculate_cap_emi!$Y$14:$Y$21, "Not found", 0),"Rl",_xlfn.XLOOKUP(E12&"|"&B12, Calculate_cap_emi!$I$14:$I$21&"|"&Calculate_cap_emi!$L$14:$L$21, Calculate_cap_emi!$Z$14:$Z$21, "Not found", 0),0)} -> 8.5 | L12: {=_xlfn.SWITCH(F12,"R",_xlfn.XLOOKUP(E12&"|"&B12, Calculate_cap_emi!$I$14:$I$21&"|"&Calculate_cap_emi!$L$14:$L$21, Calculate_cap_emi!$AC$14:$AC$21, "Not found", 0),"Rb",_xlfn.XLOOKUP(E12&"|"&B12, Calculate_cap_emi!$I$14:$I$21&"|"&Calculate_cap_emi!$L$14:$L$21, Calculate_cap_emi!$AE$14:$AE$21, "Not found", 0),"Rl",_xlfn.XLOOKUP(E12&"|"&B12, Calculate_cap_emi!$I$14:$I$21&"|"&Calculate_cap_emi!$L$14:$L$21, Calculate_cap_emi!$AF$14:$AF$21, "Not found", 0),"HP",_xlfn.XLOOKUP(E12&"|"&B12, Calculate_cap_emi!$I$14:$I$21&"|"&Calculate_cap_emi!$L$14:$L$21, Calculate_cap_emi!$AD$14:$AD$21, "Not found", 0),"HPl",_xlfn.XLOOKUP(E12&"|"&B12, Calculate_cap_emi!$I$14:$I$21&"|"&Calculate_cap_emi!$L$14:$L$21, Calculate_cap_emi!$AG$14:$AG$21, "Not found", 0),"Missing")} -> 831.36713 | Q12: {=_xlfn.SWITCH(F12,"R",_xlfn.XLOOKUP(E12&"|"&B12, Calculate_cap_emi!$I$14:$I$21&"|"&Calculate_cap_emi!$L$14:$L$21, Calculate_cap_emi!$AJ$14:$AJ$21, "Not found", 0),"Rb",_xlfn.XLOOKUP(E12&"|"&B12, Calculate_cap_emi!$I$14:$I$21&"|"&Calculate_cap_emi!$L$14:$L$21, Calculate_cap_emi!$AL$14:$AL$21, "Not found", 0),"Rl",_xlfn.XLOOKUP(E12&"|"&B12, Calculate_cap_emi!$I$14:$I$21&"|"&Calculate_cap_emi!$L$14:$L$21, Calculate_cap_emi!$AM$14:$AM$21, "Not found", 0),"HP",_xlfn.XLOOKUP(E12&"|"&B12, Calculate_cap_emi!$I$14:$I$21&"|"&Calculate_cap_emi!$L$14:$L$21, Calculate_cap_emi!$AK$14:$AK$21, "Not found", 0),"HPl",_xlfn.XLOOKUP(E12&"|"&B12, Calculate_cap_emi!$I$14:$I$21&"|"&Calculate_cap_emi!$L$14:$L$21, Calculate_cap_emi!$AN$14:$AN$21, "Not found", 0),"Missing")} -> 38.898395 | R12: {=_xlfn.SWITCH(F12,"R",_xlfn.XLOOKUP(E12&"|"&B12, Calculate_cap_emi!$I$14:$I$21&"|"&Calculate_cap_emi!$L$14:$L$21, Calculate_cap_emi!$AQ$14:$AQ$21, "Not found", 0),"Rb",_xlfn.XLOOKUP(E12&"|"&B12, Calculate_cap_emi!$I$14:$I$21&"|"&Calculate_cap_emi!$L$14:$L$21, Calculate_cap_emi!$AS$14:$AS$21, "Not found", 0),"Rl",_xlfn.XLOOKUP(E12&"|"&B12, Calculate_cap_emi!$I$14:$I$21&"|"&Calculate_cap_emi!$L$14:$L$21, Calculate_cap_emi!$AT$14:$AT$21, "Not found", 0),"HP",_xlfn.XLOOKUP(E12&"|"&B12, Calculate_cap_emi!$I$14:$I$21&"|"&Calculate_cap_emi!$L$14:$L$21, Calculate_cap_emi!$AR$14:$AR$21, "Not found", 0),"HPl",_xlfn.XLOOKUP(E12&"|"&B12, Calculate_cap_emi!$I$14:$I$21&"|"&Calculate_cap_emi!$L$14:$L$21, Calculate_cap_emi!$AU$14:$AU$21, "Not found", 0),"Missing")} -> 4.4000985 | S12: {=_xlfn.SWITCH(F12,"R",_xlfn.XLOOKUP(E12&"|"&B12, Calculate_cap_emi!$I$14:$I$21&"|"&Calculate_cap_emi!$L$14:$L$21, Calculate_cap_emi!$AX$14:$AX$21, "Not found", 0),"Rb",_xlfn.XLOOKUP(E12&"|"&B12, Calculate_cap_emi!$I$14:$I$21&"|"&Calculate_cap_emi!$L$14:$L$21, Calculate_cap_emi!$AZ$14:$AZ$21, "Not found", 0),"Rl",_xlfn.XLOOKUP(E12&"|"&B12, Calculate_cap_emi!$I$14:$I$21&"|"&Calculate_cap_emi!$L$14:$L$21, Calculate_cap_emi!$BA$14:$BA$21, "Not found", 0),"HP",_xlfn.XLOOKUP(E12&"|"&B12, Calculate_cap_emi!$I$14:$I$21&"|"&Calculate_cap_emi!$L$14:$L$21, Calculate_cap_emi!$AY$14:$AY$21, "Not found", 0),"HPl",_xlfn.XLOOKUP(E12&"|"&B12, Calculate_cap_emi!$I$14:$I$21&"|"&Calculate_cap_emi!$L$14:$L$21, Calculate_cap_emi!$BB$14:$BB$21, "Not found", 0),"Missing")} -> 46.096994 | T12: {=_xlfn.SWITCH(F12,"R",_xlfn.XLOOKUP(E12&"|"&B12, Calculate_cap_emi!$I$14:$I$21&"|"&Calculate_cap_emi!$L$14:$L$21, Calculate_cap_emi!$BE$14:$BE$21, "Not found", 0),"Rb",_xlfn.XLOOKUP(E12&"|"&B12, Calculate_cap_emi!$I$14:$I$21&"|"&Calculate_cap_emi!$L$14:$L$21, Calculate_cap_emi!$BG$14:$BG$21, "Not found", 0),"Rl",_xlfn.XLOOKUP(E12&"|"&B12, Calculate_cap_emi!$I$14:$I$21&"|"&Calculate_cap_emi!$L$14:$L$21, Calculate_cap_emi!$BH$14:$BH$21, "Not found", 0),"HP",_xlfn.XLOOKUP(E12&"|"&B12, Calculate_cap_emi!$I$14:$I$21&"|"&Calculate_cap_emi!$L$14:$L$21, Calculate_cap_emi!$BF$14:$BF$21, "Not found", 0),"HPl",_xlfn.XLOOKUP(E12&"|"&B12, Calculate_cap_emi!$I$14:$I$21&"|"&Calculate_cap_emi!$L$14:$L$21, Calculate_cap_emi!$BI$14:$BI$21, "Not found", 0),"Missing")} -> 0 | U12: {=_xlfn.SWITCH(F12,"R",_xlfn.XLOOKUP(E12&"|"&B12, Calculate_cap_emi_sens!$I$14:$I$21&"|"&Calculate_cap_emi_sens!$L$14:$L$21, Calculate_cap_emi_sens!$AX$14:$AX$21, "Not found", 0),"Rb",_xlfn.XLOOKUP(E12&"|"&B12, Calculate_cap_emi_sens!$I$14:$I$21&"|"&Calculate_cap_emi_sens!$L$14:$L$21, Calculate_cap_emi_sens!$AZ$14:$AZ$21, "Not found", 0),"Rl",_xlfn.XLOOKUP(E12&"|"&B12, Calculate_cap_emi_sens!$I$14:$I$21&"|"&Calculate_cap_emi_sens!$L$14:$L$21, Calculate_cap_emi_sens!$BA$14:$BA$21, "Not found", 0),"HP",_xlfn.XLOOKUP(E12&"|"&B12, Calculate_cap_emi_sens!$I$14:$I$21&"|"&Calculate_cap_emi_sens!$L$14:$L$21, Calculate_cap_emi_sens!$AY$14:$AY$21, "Not found", 0),"HPl",_xlfn.XLOOKUP(E12&"|"&B12, Calculate_cap_emi_sens!$I$14:$I$21&"|"&Calculate_cap_emi_sens!$L$14:$L$21, Calculate_cap_emi_sens!$BB$14:$BB$21, "Not found", 0),"Missing")} -> 46.096994 | V12: {=_xlfn.SWITCH(F12,"R",_xlfn.XLOOKUP(E12&"|"&B12, Calculate_cap_emi_sens!$I$14:$I$21&"|"&Calculate_cap_emi_sens!$L$14:$L$21, Calculate_cap_emi_sens!$BE$14:$BE$21, "Not found", 0),"Rb",_xlfn.XLOOKUP(E12&"|"&B12, Calculate_cap_emi_sens!$I$14:$I$21&"|"&Calculate_cap_emi_sens!$L$14:$L$21, Calculate_cap_emi_sens!$BG$14:$BG$21, "Not found", 0),"Rl",_xlfn.XLOOKUP(E12&"|"&B12, Calculate_cap_emi_sens!$I$14:$I$21&"|"&Calculate_cap_emi_sens!$L$14:$L$21, Calculate_cap_emi_sens!$BH$14:$BH$21, "Not found", 0),"HP",_xlfn.XLOOKUP(E12&"|"&B12, Calculate_cap_emi_sens!$I$14:$I$21&"|"&Calculate_cap_emi_sens!$L$14:$L$21, Calculate_cap_emi_sens!$BF$14:$BF$21, "Not found", 0),"HPl",_xlfn.XLOOKUP(E12&"|"&B12, Calculate_cap_emi_sens!$I$14:$I$21&"|"&Calculate_cap_emi_sens!$L$14:$L$21, Calculate_cap_emi_sens!$BI$14:$BI$21, "Not found", 0),"Missing")} -> 0 | W12: =Results_proc_ener!L12 -> 21819.79 | X12: =Results_proc_ener!M12 -> 0 | Y12: =Results_proc_ener!N12 -> 0 | Z12: =Results_proc_ener!O12 -> 0 | AA12: =Results_proc_ener!P12 -> 0 | AB12: =Results_proc_ener!Q12 -> 823.81525 | AC12: =Results_proc_ener!R12 -> 15.802649 | AD12: =Results_proc_ener!S12 -> 92.205013 | AE12: =Results_proc_ener!T12 -> 0
A13: Mass-H1-Ideal | B13: =_xlfn.TEXTBEFORE(A13, "-", 2) -> Mass-H1 | C13: =_xlfn.TEXTBEFORE(A13, "-", 1) -> Mass | D13: =_xlfn.TEXTAFTER(B13, "-", 1) -> H1 | E13: CH | F13: R | I13: {=_xlfn.SWITCH(F13,"R",_xlfn.XLOOKUP(E13&"|"&B13, Calculate_cap_emi!$I$14:$I$21&"|"&Calculate_cap_emi!$L$14:$L$21, Calculate_cap_emi!$W$14:$W$21, "Not found", 0),"Rb",_xlfn.XLOOKUP(E13&"|"&B13, Calculate_cap_emi!$I$14:$I$21&"|"&Calculate_cap_emi!$L$14:$L$21, Calculate_cap_emi!$Y$14:$Y$21, "Not found", 0),"Rl",_xlfn.XLOOKUP(E13&"|"&B13, Calculate_cap_emi!$I$14:$I$21&"|"&Calculate_cap_emi!$L$14:$L$21, Calculate_cap_emi!$Z$14:$Z$21, "Not found", 0),0)} -> 8.5 | L13: {=_xlfn.SWITCH(F13,"R",_xlfn.XLOOKUP(E13&"|"&B13, Calculate_cap_emi!$I$14:$I$21&"|"&Calculate_cap_emi!$L$14:$L$21, Calculate_cap_emi!$AC$14:$AC$21, "Not found", 0),"Rb",_xlfn.XLOOKUP(E13&"|"&B13, Calculate_cap_emi!$I$14:$I$21&"|"&Calculate_cap_emi!$L$14:$L$21, Calculate_cap_emi!$AE$14:$AE$21, "Not found", 0),"Rl",_xlfn.XLOOKUP(E13&"|"&B13, Calculate_cap_emi!$I$14:$I$21&"|"&Calculate_cap_emi!$L$14:$L$21, Calculate_cap_emi!$AF$14:$AF$21, "Not found", 0),"HP",_xlfn.XLOOKUP(E13&"|"&B13, Calculate_cap_emi!$I$14:$I$21&"|"&Calculate_cap_emi!$L$14:$L$21, Calculate_cap_emi!$AD$14:$AD$21, "Not found", 0),"HPl",_xlfn.XLOOKUP(E13&"|"&B13, Calculate_cap_emi!$I$14:$I$21&"|"&Calculate_cap_emi!$L$14:$L$21, Calculate_cap_emi!$AG$14:$AG$21, "Not found", 0),"Missing")} -> 831.36713 | Q13: {=_xlfn.SWITCH(F13,"R",_xlfn.XLOOKUP(E13&"|"&B13, Calculate_cap_emi!$I$14:$I$21&"|"&Calculate_cap_emi!$L$14:$L$21, Calculate_cap_emi!$AJ$14:$AJ$21, "Not found", 0),"Rb",_xlfn.XLOOKUP(E13&"|"&B13, Calculate_cap_emi!$I$14:$I$21&"|"&Calculate_cap_emi!$L$14:$L$21, Calculate_cap_emi!$AL$14:$AL$21, "Not found", 0),"Rl",_xlfn.XLOOKUP(E13&"|"&B13, Calculate_cap_emi!$I$14:$I$21&"|"&Calculate_cap_emi!$L$14:$L$21, Calculate_cap_emi!$AM$14:$AM$21, "Not found", 0),"HP",_xlfn.XLOOKUP(E13&"|"&B13, Calculate_cap_emi!$I$14:$I$21&"|"&Calculate_cap_emi!$L$14:$L$21, Calculate_cap_emi!$AK$14:$AK$21, "Not found", 0),"HPl",_xlfn.XLOOKUP(E13&"|"&B13, Calculate_cap_emi!$I$14:$I$21&"|"&Calculate_cap_emi!$L$14:$L$21, Calculate_cap_emi!$AN$14:$AN$21, "Not found", 0),"Missing")} -> 38.898395 | R13: {=_xlfn.SWITCH(F13,"R",_xlfn.XLOOKUP(E13&"|"&B13, Calculate_cap_emi!$I$14:$I$21&"|"&Calculate_cap_emi!$L$14:$L$21, Calculate_cap_emi!$AQ$14:$AQ$21, "Not found", 0),"Rb",_xlfn.XLOOKUP(E13&"|"&B13, Calculate_cap_emi!$I$14:$I$21&"|"&Calculate_cap_emi!$L$14:$L$21, Calculate_cap_emi!$AS$14:$AS$21, "Not found", 0),"Rl",_xlfn.XLOOKUP(E13&"|"&B13, Calculate_cap_emi!$I$14:$I$21&"|"&Calculate_cap_emi!$L$14:$L$21, Calculate_cap_emi!$AT$14:$AT$21, "Not found", 0),"HP",_xlfn.XLOOKUP(E13&"|"&B13, Calculate_cap_emi!$I$14:$I$21&"|"&Calculate_cap_emi!$L$14:$L$21, Calculate_cap_emi!$AR$14:$AR$21, "Not found", 0),"HPl",_xlfn.XLOOKUP(E13&"|"&B13, Calculate_cap_emi!$I$14:$I$21&"|"&Calculate_cap_emi!$L$14:$L$21, Calculate_cap_emi!$AU$14:$AU$21, "Not found", 0),"Missing")} -> 4.4000985 | S13: {=_xlfn.SWITCH(F13,"R",_xlfn.XLOOKUP(E13&"|"&B13, Calculate_cap_emi!$I$14:$I$21&"|"&Calculate_cap_emi!$L$14:$L$21, Calculate_cap_emi!$AX$14:$AX$21, "Not found", 0),"Rb",_xlfn.XLOOKUP(E13&"|"&B13, Calculate_cap_emi!$I$14:$I$21&"|"&Calculate_cap_emi!$L$14:$L$21, Calculate_cap_emi!$AZ$14:$AZ$21, "Not found", 0),"Rl",_xlfn.XLOOKUP(E13&"|"&B13, Calculate_cap_emi!$I$14:$I$21&"|"&Calculate_cap_emi!$L$14:$L$21, Calculate_cap_emi!$BA$14:$BA$21, "Not found", 0),"HP",_xlfn.XLOOKUP(E13&"|"&B13, Calculate_cap_emi!$I$14:$I$21&"|"&Calculate_cap_emi!$L$14:$L$21, Calculate_cap_emi!$AY$14:$AY$21, "Not found", 0),"HPl",_xlfn.XLOOKUP(E13&"|"&B13, Calculate_cap_emi!$I$14:$I$21&"|"&Calculate_cap_emi!$L$14:$L$21, Calculate_cap_emi!$BB$14:$BB$21, "Not found", 0),"Missing")} -> 46.096994 | T13: {=_xlfn.SWITCH(F13,"R",_xlfn.XLOOKUP(E13&"|"&B13, Calculate_cap_emi!$I$14:$I$21&"|"&Calculate_cap_emi!$L$14:$L$21, Calculate_cap_emi!$BE$14:$BE$21, "Not found", 0),"Rb",_xlfn.XLOOKUP(E13&"|"&B13, Calculate_cap_emi!$I$14:$I$21&"|"&Calculate_cap_emi!$L$14:$L$21, Calculate_cap_emi!$BG$14:$BG$21, "Not found", 0),"Rl",_xlfn.XLOOKUP(E13&"|"&B13, Calculate_cap_emi!$I$14:$I$21&"|"&Calculate_cap_emi!$L$14:$L$21, Calculate_cap_emi!$BH$14:$BH$21, "Not found", 0),"HP",_xlfn.XLOOKUP(E13&"|"&B13, Calculate_cap_emi!$I$14:$I$21&"|"&Calculate_cap_emi!$L$14:$L$21, Calculate_cap_emi!$BF$14:$BF$21, "Not found", 0),"HPl",_xlfn.XLOOKUP(E13&"|"&B13, Calculate_cap_emi!$I$14:$I$21&"|"&Calculate_cap_emi!$L$14:$L$21, Calculate_cap_emi!$BI$14:$BI$21, "Not found", 0),"Missing")} -> 0 | U13: {=_xlfn.SWITCH(F13,"R",_xlfn.XLOOKUP(E13&"|"&B13, Calculate_cap_emi_sens!$I$14:$I$21&"|"&Calculate_cap_emi_sens!$L$14:$L$21, Calculate_cap_emi_sens!$AX$14:$AX$21, "Not found", 0),"Rb",_xlfn.XLOOKUP(E13&"|"&B13, Calculate_cap_emi_sens!$I$14:$I$21&"|"&Calculate_cap_emi_sens!$L$14:$L$21, Calculate_cap_emi_sens!$AZ$14:$AZ$21, "Not found", 0),"Rl",_xlfn.XLOOKUP(E13&"|"&B13, Calculate_cap_emi_sens!$I$14:$I$21&"|"&Calculate_cap_emi_sens!$L$14:$L$21, Calculate_cap_emi_sens!$BA$14:$BA$21, "Not found", 0),"HP",_xlfn.XLOOKUP(E13&"|"&B13, Calculate_cap_emi_sens!$I$14:$I$21&"|"&Calculate_cap_emi_sens!$L$14:$L$21, Calculate_cap_emi_sens!$AY$14:$AY$21, "Not found", 0),"HPl",_xlfn.XLOOKUP(E13&"|"&B13, Calculate_cap_emi_sens!$I$14:$I$21&"|"&Calculate_cap_emi_sens!$L$14:$L$21, Calculate_cap_emi_sens!$BB$14:$BB$21, "Not found", 0),"Missing")} -> 46.096994 | V13: {=_xlfn.SWITCH(F13,"R",_xlfn.XLOOKUP(E13&"|"&B13, Calculate_cap_emi_sens!$I$14:$I$21&"|"&Calculate_cap_emi_sens!$L$14:$L$21, Calculate_cap_emi_sens!$BE$14:$BE$21, "Not found", 0),"Rb",_xlfn.XLOOKUP(E13&"|"&B13, Calculate_cap_emi_sens!$I$14:$I$21&"|"&Calculate_cap_emi_sens!$L$14:$L$21, Calculate_cap_emi_sens!$BG$14:$BG$21, "Not found", 0),"Rl",_xlfn.XLOOKUP(E13&"|"&B13, Calculate_cap_emi_sens!$I$14:$I$21&"|"&Calculate_cap_emi_sens!$L$14:$L$21, Calculate_cap_emi_sens!$BH$14:$BH$21, "Not found", 0),"HP",_xlfn.XLOOKUP(E13&"|"&B13, Calculate_cap_emi_sens!$I$14:$I$21&"|"&Calculate_cap_emi_sens!$L$14:$L$21, Calculate_cap_emi_sens!$BF$14:$BF$21, "Not found", 0),"HPl",_xlfn.XLOOKUP(E13&"|"&B13, Calculate_cap_emi_sens!$I$14:$I$21&"|"&Calculate_cap_emi_sens!$L$14:$L$21, Calculate_cap_emi_sens!$BI$14:$BI$21, "Not found", 0),"Missing")} -> 0 | W13: =Results_proc_ener!L13 -> 21819.79 | X13: =Results_proc_ener!M13 -> 0 | Y13: =Results_proc_ener!N13 -> 0 | Z13: =Results_proc_ener!O13 -> 0 | AA13: =Results_proc_ener!P13 -> 0 | AB13: =Results_proc_ener!Q13 -> 823.81525 | AC13: =Results_proc_ener!R13 -> 15.802649 | AD13: =Results_proc_ener!S13 -> 92.205013 | AE13: =Results_proc_ener!T13 -> 0
... A49: Mod-H1-Ideal | B49: =_xlfn.TEXTBEFORE(A49, "-", 2) -> Mod-H1 | C49: =_xlfn.TEXTBEFORE(A49, "-", 1) -> Mod | D49: =_xlfn.TEXTAFTER(B49, "-", 1) -> H1 | E49: CH | F49: Rl | I49: {=_xlfn.SWITCH(F49,"R",_xlfn.XLOOKUP(E49&"|"&B49, Calculate_cap_emi!$I$14:$I$21&"|"&Calculate_cap_emi!$L$14:$L$21, Calculate_cap_emi!$W$14:$W$21, "Not found", 0),"Rb",_xlfn.XLOOKUP(E49&"|"&B49, Calculate_cap_emi!$I$14:$I$21&"|"&Calculate_cap_emi!$L$14:$L$21, Calculate_cap_emi!$Y$14:$Y$21, "Not found", 0),"Rl",_xlfn.XLOOKUP(E49&"|"&B49, Calculate_cap_emi!$I$14:$I$21&"|"&Calculate_cap_emi!$L$14:$L$21, Calculate_cap_emi!$Z$14:$Z$21, "Not found", 0),0)} -> 8 | L49: {=_xlfn.SWITCH(F49,"R",_xlfn.XLOOKUP(E49&"|"&B49, Calculate_cap_emi!$I$14:$I$21&"|"&Calculate_cap_emi!$L$14:$L$21, Calculate_cap_emi!$AC$14:$AC$21, "Not found", 0),"Rb",_xlfn.XLOOKUP(E49&"|"&B49, Calculate_cap_emi!$I$14:$I$21&"|"&Calculate_cap_emi!$L$14:$L$21, Calculate_cap_emi!$AE$14:$AE$21, "Not found", 0),"Rl",_xlfn.XLOOKUP(E49&"|"&B49, Calculate_cap_emi!$I$14:$I$21&"|"&Calculate_cap_emi!$L$14:$L$21, Calculate_cap_emi!$AF$14:$AF$21, "Not found", 0),"HP",_xlfn.XLOOKUP(E49&"|"&B49, Calculate_cap_emi!$I$14:$I$21&"|"&Calculate_cap_emi!$L$14:$L$21, Calculate_cap_emi!$AD$14:$AD$21, "Not found", 0),"HPl",_xlfn.XLOOKUP(E49&"|"&B49, Calculate_cap_emi!$I$14:$I$21&"|"&Calculate_cap_emi!$L$14:$L$21, Calculate_cap_emi!$AG$14:$AG$21, "Not found", 0),"Missing")} -> 808.49694 | Q49: {=_xlfn.SWITCH(F49,"R",_xlfn.XLOOKUP(E49&"|"&B49, Calculate_cap_emi!$I$14:$I$21&"|"&Calculate_cap_emi!$L$14:$L$21, Calculate_cap_emi!$AJ$14:$AJ$21, "Not found", 0),"Rb",_xlfn.XLOOKUP(E49&"|"&B49, Calculate_cap_emi!$I$14:$I$21&"|"&Calculate_cap_emi!$L$14:$L$21, Calculate_cap_emi!$AL$14:$AL$21, "Not found", 0),"Rl",_xlfn.XLOOKUP(E49&"|"&B49, Calculate_cap_emi!$I$14:$I$21&"|"&Calculate_cap_emi!$L$14:$L$21, Calculate_cap_emi!$AM$14:$AM$21, "Not found", 0),"HP",_xlfn.XLOOKUP(E49&"|"&B49, Calculate_cap_emi!$I$14:$I$21&"|"&Calculate_cap_emi!$L$14:$L$21, Calculate_cap_emi!$AK$14:$AK$21, "Not found", 0),"HPl",_xlfn.XLOOKUP(E49&"|"&B49, Calculate_cap_emi!$I$14:$I$21&"|"&Calculate_cap_emi!$L$14:$L$21, Calculate_cap_emi!$AN$14:$AN$21, "Not found", 0),"Missing")} -> 37.396489 | R49: {=_xlfn.SWITCH(F49,"R",_xlfn.XLOOKUP(E49&"|"&B49, Calculate_cap_emi!$I$14:$I$21&"|"&Calculate_cap_emi!$L$14:$L$21, Calculate_cap_emi!$AQ$14:$AQ$21, "Not found", 0),"Rb",_xlfn.XLOOKUP(E49&"|"&B49, Calculate_cap_emi!$I$14:$I$21&"|"&Calculate_cap_emi!$L$14:$L$21, Calculate_cap_emi!$AS$14:$AS$21, "Not found", 0),"Rl",_xlfn.XLOOKUP(E49&"|"&B49, Calculate_cap_emi!$I$14:$I$21&"|"&Calculate_cap_emi!$L$14:$L$21, Calculate_cap_emi!$AT$14:$AT$21, "Not found", 0),"HP",_xlfn.XLOOKUP(E49&"|"&B49, Calculate_cap_emi!$I$14:$I$21&"|"&Calculate_cap_emi!$L$14:$L$21, Calculate_cap_emi!$AR$14:$AR$21, "Not found", 0),"HPl",_xlfn.XLOOKUP(E49&"|"&B49, Calculate_cap_emi!$I$14:$I$21&"|"&Calculate_cap_emi!$L$14:$L$21, Calculate_cap_emi!$AU$14:$AU$21, "Not found", 0),"Missing")} -> 4.3406258 | S49: {=_xlfn.SWITCH(F49,"R",_xlfn.XLOOKUP(E49&"|"&B49, Calculate_cap_emi!$I$14:$I$21&"|"&Calculate_cap_emi!$L$14:$L$21, Calculate_cap_emi!$AX$14:$AX$21, "Not found", 0),"Rb",_xlfn.XLOOKUP(E49&"|"&B49, Calculate_cap_emi!$I$14:$I$21&"|"&Calculate_cap_emi!$L$14:$L$21, Calculate_cap_emi!$AZ$14:$AZ$21, "Not found", 0),"Rl",_xlfn.XLOOKUP(E49&"|"&B49, Calculate_cap_emi!$I$14:$I$21&"|"&Calculate_cap_emi!$L$14:$L$21, Calculate_cap_emi!$BA$14:$BA$21, "Not found", 0),"HP",_xlfn.XLOOKUP(E49&"|"&B49, Calculate_cap_emi!$I$14:$I$21&"|"&Calculate_cap_emi!$L$14:$L$21, Calculate_cap_emi!$AY$14:$AY$21, "Not found", 0),"HPl",_xlfn.XLOOKUP(E49&"|"&B49, Calculate_cap_emi!$I$14:$I$21&"|"&Calculate_cap_emi!$L$14:$L$21, Calculate_cap_emi!$BB$14:$BB$21, "Not found", 0),"Missing")} -> 44.331786 | T49: {=_xlfn.SWITCH(F49,"R",_xlfn.XLOOKUP(E49&"|"&B49, Calculate_cap_emi!$I$14:$I$21&"|"&Calculate_cap_emi!$L$14:$L$21, Calculate_cap_emi!$BE$14:$BE$21, "Not found", 0),"Rb",_xlfn.XLOOKUP(E49&"|"&B49, Calculate_cap_emi!$I$14:$I$21&"|"&Calculate_cap_emi!$L$14:$L$21, Calculate_cap_emi!$BG$14:$BG$21, "Not found", 0),"Rl",_xlfn.XLOOKUP(E49&"|"&B49, Calculate_cap_emi!$I$14:$I$21&"|"&Calculate_cap_emi!$L$14:$L$21, Calculate_cap_emi!$BH$14:$BH$21, "Not found", 0),"HP",_xlfn.XLOOKUP(E49&"|"&B49, Calculate_cap_emi!$I$14:$I$21&"|"&Calculate_cap_emi!$L$14:$L$21, Calculate_cap_emi!$BF$14:$BF$21, "Not found", 0),"HPl",_xlfn.XLOOKUP(E49&"|"&B49, Calculate_cap_emi!$I$14:$I$21&"|"&Calculate_cap_emi!$L$14:$L$21, Calculate_cap_emi!$BI$14:$BI$21, "Not found", 0),"Missing")} -> 0 | U49: {=_xlfn.SWITCH(F49,"R",_xlfn.XLOOKUP(E49&"|"&B49, Calculate_cap_emi_sens!$I$14:$I$21&"|"&Calculate_cap_emi_sens!$L$14:$L$21, Calculate_cap_emi_sens!$AX$14:$AX$21, "Not found", 0),"Rb",_xlfn.XLOOKUP(E49&"|"&B49, Calculate_cap_emi_sens!$I$14:$I$21&"|"&Calculate_cap_emi_sens!$L$14:$L$21, Calculate_cap_emi_sens!$AZ$14:$AZ$21, "Not found", 0),"Rl",_xlfn.XLOOKUP(E49&"|"&B49, Calculate_cap_emi_sens!$I$14:$I$21&"|"&Calculate_cap_emi_sens!$L$14:$L$21, Calculate_cap_emi_sens!$BA$14:$BA$21, "Not found", 0),"HP",_xlfn.XLOOKUP(E49&"|"&B49, Calculate_cap_emi_sens!$I$14:$I$21&"|"&Calculate_cap_emi_sens!$L$14:$L$21, Calculate_cap_emi_sens!$AY$14:$AY$21, "Not found", 0),"HPl",_xlfn.XLOOKUP(E49&"|"&B49, Calculate_cap_emi_sens!$I$14:$I$21&"|"&Calculate_cap_emi_sens!$L$14:$L$21, Calculate_cap_emi_sens!$BB$14:$BB$21, "Not found", 0),"Missing")} -> 44.331786 | V49: {=_xlfn.SWITCH(F49,"R",_xlfn.XLOOKUP(E49&"|"&B49, Calculate_cap_emi_sens!$I$14:$I$21&"|"&Calculate_cap_emi_sens!$L$14:$L$21, Calculate_cap_emi_sens!$BE$14:$BE$21, "Not found", 0),"Rb",_xlfn.XLOOKUP(E49&"|"&B49, Calculate_cap_emi_sens!$I$14:$I$21&"|"&Calculate_cap_emi_sens!$L$14:$L$21, Calculate_cap_emi_sens!$BG$14:$BG$21, "Not found", 0),"Rl",_xlfn.XLOOKUP(E49&"|"&B49, Calculate_cap_emi_sens!$I$14:$I$21&"|"&Calculate_cap_emi_sens!$L$14:$L$21, Calculate_cap_emi_sens!$BH$14:$BH$21, "Not found", 0),"HP",_xlfn.XLOOKUP(E49&"|"&B49, Calculate_cap_emi_sens!$I$14:$I$21&"|"&Calculate_cap_emi_sens!$L$14:$L$21, Calculate_cap_emi_sens!$BF$14:$BF$21, "Not found", 0),"HPl",_xlfn.XLOOKUP(E49&"|"&B49, Calculate_cap_emi_sens!$I$14:$I$21&"|"&Calculate_cap_emi_sens!$L$14:$L$21, Calculate_cap_emi_sens!$BI$14:$BI$21, "Not found", 0),"Missing")} -> 0 | W49: =Results_proc_ener!L49 -> 21205.096 | X49: =Results_proc_ener!M49 -> 0 | Y49: =Results_proc_ener!N49 -> 0 | Z49: =Results_proc_ener!O49 -> 0 | AA49: =Results_proc_ener!P49 -> 0 | AB49: =Results_proc_ener!Q49 -> 792.00692 | AC49: =Results_proc_ener!R49 -> 15.387509 | AD49: =Results_proc_ener!S49 -> 90.320834 | AE49: =Results_proc_ener!T49 -> 0
A50: Mass-Nom-Real | B50: =_xlfn.TEXTBEFORE(A50, "-", 2) -> Mass-Nom | C50: =_xlfn.TEXTBEFORE(A50, "-", 1) -> Mass | D50: =_xlfn.TEXTAFTER(B50, "-", 1) -> Nom | E50: AK | F50: HP | H50: {=_xlfn.SWITCH(F50,"HP",_xlfn.XLOOKUP(E50&"|"&B50, Calculate_cap_emi!$I$14:$I$21&"|"&Calculate_cap_emi!$L$14:$L$21, Calculate_cap_emi!$X$14:$X$21, "Not found", 0),"HPl",_xlfn.XLOOKUP(E50&"|"&B50, Calculate_cap_emi!$I$14:$I$21&"|"&Calculate_cap_emi!$L$14:$L$21, Calculate_cap_emi!$AA$14:$AA$21, "Not found", 0),)} -> 11 | L50: {=_xlfn.SWITCH(F50,"R",_xlfn.XLOOKUP(E50&"|"&B50, Calculate_cap_emi!$I$14:$I$21&"|"&Calculate_cap_emi!$L$14:$L$21, Calculate_cap_emi!$AC$14:$AC$21, "Not found", 0),"Rb",_xlfn.XLOOKUP(E50&"|"&B50, Calculate_cap_emi!$I$14:$I$21&"|"&Calculate_cap_emi!$L$14:$L$21, Calculate_cap_emi!$AE$14:$AE$21, "Not found", 0),"Rl",_xlfn.XLOOKUP(E50&"|"&B50, Calculate_cap_emi!$I$14:$I$21&"|"&Calculate_cap_emi!$L$14:$L$21, Calculate_cap_emi!$AF$14:$AF$21, "Not found", 0),"HP",_xlfn.XLOOKUP(E50&"|"&B50, Calculate_cap_emi!$I$14:$I$21&"|"&Calculate_cap_emi!$L$14:$L$21, Calculate_cap_emi!$AD$14:$AD$21, "Not found", 0),"HPl",_xlfn.XLOOKUP(E50&"|"&B50, Calculate_cap_emi!$I$14:$I$21&"|"&Calculate_cap_emi!$L$14:$L$21, Calculate_cap_emi!$AG$14:$AG$21, "Not found", 0),"Missing")} -> 1534.5082 | Q50: {=_xlfn.SWITCH(F50,"R",_xlfn.XLOOKUP(E50&"|"&B50, Calculate_cap_emi!$I$14:$I$21&"|"&Calculate_cap_emi!$L$14:$L$21, Calculate_cap_emi!$AJ$14:$AJ$21, "Not found", 0),"Rb",_xlfn.XLOOKUP(E50&"|"&B50, Calculate_cap_emi!$I$14:$I$21&"|"&Calculate_cap_emi!$L$14:$L$21, Calculate_cap_emi!$AL$14:$AL$21, "Not found", 0),"Rl",_xlfn.XLOOKUP(E50&"|"&B50, Calculate_cap_emi!$I$14:$I$21&"|"&Calculate_cap_emi!$L$14:$L$21, Calculate_cap_emi!$AM$14:$AM$21, "Not found", 0),"HP",_xlfn.XLOOKUP(E50&"|"&B50, Calculate_cap_emi!$I$14:$I$21&"|"&Calculate_cap_emi!$L$14:$L$21, Calculate_cap_emi!$AK$14:$AK$21, "Not found", 0),"HPl",_xlfn.XLOOKUP(E50&"|"&B50, Calculate_cap_emi!$I$14:$I$21&"|"&Calculate_cap_emi!$L$14:$L$21, Calculate_cap_emi!$AN$14:$AN$21, "Not found", 0),"Missing")} -> 36.844295 | R50: {=_xlfn.SWITCH(F50,"R",_xlfn.XLOOKUP(E50&"|"&B50, Calculate_cap_emi!$I$14:$I$21&"|"&Calculate_cap_emi!$L$14:$L$21, Calculate_cap_emi!$AQ$14:$AQ$21, "Not found", 0),"Rb",_xlfn.XLOOKUP(E50&"|"&B50, Calculate_cap_emi!$I$14:$I$21&"|"&Calculate_cap_emi!$L$14:$L$21, Calculate_cap_emi!$AS$14:$AS$21, "Not found", 0),"Rl",_xlfn.XLOOKUP(E50&"|"&B50, Calculate_cap_emi!$I$14:$I$21&"|"&Calculate_cap_emi!$L$14:$L$21, Calculate_cap_emi!$AT$14:$AT$21, "Not found", 0),"HP",_xlfn.XLOOKUP(E50&"|"&B50, Calculate_cap_emi!$I$14:$I$21&"|"&Calculate_cap_emi!$L$14:$L$21, Calculate_cap_emi!$AR$14:$AR$21, "Not found", 0),"HPl",_xlfn.XLOOKUP(E50&"|"&B50, Calculate_cap_emi!$I$14:$I$21&"|"&Calculate_cap_emi!$L$14:$L$21, Calculate_cap_emi!$AU$14:$AU$21, "Not found", 0),"Missing")} -> 92.156538 | S50: {=_xlfn.SWITCH(F50,"R",_xlfn.XLOOKUP(E50&"|"&B50, Calculate_cap_emi!$I$14:$I$21&"|"&Calculate_cap_emi!$L$14:$L$21, Calculate_cap_emi!$AX$14:$AX$21, "Not found", 0),"Rb",_xlfn.XLOOKUP(E50&"|"&B50, Calculate_cap_emi!$I$14:$I$21&"|"&Calculate_cap_emi!$L$14:$L$21, Calculate_cap_emi!$AZ$14:$AZ$21, "Not found", 0),"Rl",_xlfn.XLOOKUP(E50&"|"&B50, Calculate_cap_emi!$I$14:$I$21&"|"&Calculate_cap_emi!$L$14:$L$21, Calculate_cap_emi!$BA$14:$BA$21, "Not found", 0),"HP",_xlfn.XLOOKUP(E50&"|"&B50, Calculate_cap_emi!$I$14:$I$21&"|"&Calculate_cap_emi!$L$14:$L$21, Calculate_cap_emi!$AY$14:$AY$21, "Not found", 0),"HPl",_xlfn.XLOOKUP(E50&"|"&B50, Calculate_cap_emi!$I$14:$I$21&"|"&Calculate_cap_emi!$L$14:$L$21, Calculate_cap_emi!$BB$14:$BB$21, "Not found", 0),"Missing")} -> 284.43346 | T50: {=_xlfn.SWITCH(F50,"R",_xlfn.XLOOKUP(E50&"|"&B50, Calculate_cap_emi!$I$14:$I$21&"|"&Calculate_cap_emi!$L$14:$L$21, Calculate_cap_emi!$BE$14:$BE$21, "Not found", 0),"Rb",_xlfn.XLOOKUP(E50&"|"&B50, Calculate_cap_emi!$I$14:$I$21&"|"&Calculate_cap_emi!$L$14:$L$21, Calculate_cap_emi!$BG$14:$BG$21, "Not found", 0),"Rl",_xlfn.XLOOKUP(E50&"|"&B50, Calculate_cap_emi!$I$14:$I$21&"|"&Calculate_cap_emi!$L$14:$L$21, Calculate_cap_emi!$BH$14:$BH$21, "Not found", 0),"HP",_xlfn.XLOOKUP(E50&"|"&B50, Calculate_cap_emi!$I$14:$I$21&"|"&Calculate_cap_emi!$L$14:$L$21, Calculate_cap_emi!$BF$14:$BF$21, "Not found", 0),"HPl",_xlfn.XLOOKUP(E50&"|"&B50, Calculate_cap_emi!$I$14:$I$21&"|"&Calculate_cap_emi!$L$14:$L$21, Calculate_cap_emi!$BI$14:$BI$21, "Not found", 0),"Missing")} -> 1321.8996 | U50: {=_xlfn.SWITCH(F50,"R",_xlfn.XLOOKUP(E50&"|"&B50, Calculate_cap_emi_sens!$I$14:$I$21&"|"&Calculate_cap_emi_sens!$L$14:$L$21, Calculate_cap_emi_sens!$AX$14:$AX$21, "Not found", 0),"Rb",_xlfn.XLOOKUP(E50&"|"&B50, Calculate_cap_emi_sens!$I$14:$I$21&"|"&Calculate_cap_emi_sens!$L$14:$L$21, Calculate_cap_emi_sens!$AZ$14:$AZ$21, "Not found", 0),"Rl",_xlfn.XLOOKUP(E50&"|"&B50, Calculate_cap_emi_sens!$I$14:$I$21&"|"&Calculate_cap_emi_sens!$L$14:$L$21, Calculate_cap_emi_sens!$BA$14:$BA$21, "Not found", 0),"HP",_xlfn.XLOOKUP(E50&"|"&B50, Calculate_cap_emi_sens!$I$14:$I$21&"|"&Calculate_cap_emi_sens!$L$14:$L$21, Calculate_cap_emi_sens!$AY$14:$AY$21, "Not found", 0),"HPl",_xlfn.XLOOKUP(E50&"|"&B50, Calculate_cap_emi_sens!$I$14:$I$21&"|"&Calculate_cap_emi_sens!$L$14:$L$21, Calculate_cap_emi_sens!$BB$14:$BB$21, "Not found", 0),"Missing")} -> 107.61067 | V50: {=_xlfn.SWITCH(F50,"R",_xlfn.XLOOKUP(E50&"|"&B50, Calculate_cap_emi_sens!$I$14:$I$21&"|"&Calculate_cap_emi_sens!$L$14:$L$21, Calculate_cap_emi_sens!$BE$14:$BE$21, "Not found", 0),"Rb",_xlfn.XLOOKUP(E50&"|"&B50, Calculate_cap_emi_sens!$I$14:$I$21&"|"&Calculate_cap_emi_sens!$L$14:$L$21, Calculate_cap_emi_sens!$BG$14:$BG$21, "Not found", 0),"Rl",_xlfn.XLOOKUP(E50&"|"&B50, Calculate_cap_emi_sens!$I$14:$I$21&"|"&Calculate_cap_emi_sens!$L$14:$L$21, Calculate_cap_emi_sens!$BH$14:$BH$21, "Not found", 0),"HP",_xlfn.XLOOKUP(E50&"|"&B50, Calculate_cap_emi_sens!$I$14:$I$21&"|"&Calculate_cap_emi_sens!$L$14:$L$21, Calculate_cap_emi_sens!$BF$14:$BF$21, "Not found", 0),"HPl",_xlfn.XLOOKUP(E50&"|"&B50, Calculate_cap_emi_sens!$I$14:$I$21&"|"&Calculate_cap_emi_sens!$L$14:$L$21, Calculate_cap_emi_sens!$BI$14:$BI$21, "Not found", 0),"Missing")} -> 460.84468 | W50: =Results_proc_ener!L50 -> 36866.799 | X50: =Results_proc_ener!M50 -> 0 | Y50: =Results_proc_ener!N50 -> 0 | Z50: =Results_proc_ener!O50 -> 0 | AA50: =Results_proc_ener!P50 -> 0 | AB50: =Results_proc_ener!Q50 -> 780.3122 | AC50: =Results_proc_ener!R50 -> 1689.5268 | AD50: =Results_proc_ener!S50 -> 8469.5141 | AE50: =Results_proc_ener!T50 -> 8228.4676
A51: Mass-Nom-Ideal | B51: =_xlfn.TEXTBEFORE(A51, "-", 2) -> Mass-Nom | C51: =_xlfn.TEXTBEFORE(A51, "-", 1) -> Mass | D51: =_xlfn.TEXTAFTER(B51, "-", 1) -> Nom | E51: AK | F51: HP | H51: {=_xlfn.SWITCH(F51,"HP",_xlfn.XLOOKUP(E51&"|"&B51, Calculate_cap_emi!$I$14:$I$21&"|"&Calculate_cap_emi!$L$14:$L$21, Calculate_cap_emi!$X$14:$X$21, "Not found", 0),"HPl",_xlfn.XLOOKUP(E51&"|"&B51, Calculate_cap_emi!$I$14:$I$21&"|"&Calculate_cap_emi!$L$14:$L$21, Calculate_cap_emi!$AA$14:$AA$21, "Not found", 0),)} -> 11 | L51: {=_xlfn.SWITCH(F51,"R",_xlfn.XLOOKUP(E51&"|"&B51, Calculate_cap_emi!$I$14:$I$21&"|"&Calculate_cap_emi!$L$14:$L$21, Calculate_cap_emi!$AC$14:$AC$21, "Not found", 0),"Rb",_xlfn.XLOOKUP(E51&"|"&B51, Calculate_cap_emi!$I$14:$I$21&"|"&Calculate_cap_emi!$L$14:$L$21, Calculate_cap_emi!$AE$14:$AE$21, "Not found", 0),"Rl",_xlfn.XLOOKUP(E51&"|"&B51, Calculate_cap_emi!$I$14:$I$21&"|"&Calculate_cap_emi!$L$14:$L$21, Calculate_cap_emi!$AF$14:$AF$21, "Not found", 0),"HP",_xlfn.XLOOKUP(E51&"|"&B51, Calculate_cap_emi!$I$14:$I$21&"|"&Calculate_cap_emi!$L$14:$L$21, Calculate_cap_emi!$AD$14:$AD$21, "Not found", 0),"HPl",_xlfn.XLOOKUP(E51&"|"&B51, Calculate_cap_emi!$I$14:$I$21&"|"&Calculate_cap_emi!$L$14:$L$21, Calculate_cap_emi!$AG$14:$AG$21, "Not found", 0),"Missing")} -> 1534.5082 | Q51: {=_xlfn.SWITCH(F51,"R",_xlfn.XLOOKUP(E51&"|"&B51, Calculate_cap_emi!$I$14:$I$21&"|"&Calculate_cap_emi!$L$14:$L$21, Calculate_cap_emi!$AJ$14:$AJ$21, "Not found", 0),"Rb",_xlfn.XLOOKUP(E51&"|"&B51, Calculate_cap_emi!$I$14:$I$21&"|"&Calculate_cap_emi!$L$14:$L$21, Calculate_cap_emi!$AL$14:$AL$21, "Not found", 0),"Rl",_xlfn.XLOOKUP(E51&"|"&B51, Calculate_cap_emi!$I$14:$I$21&"|"&Calculate_cap_emi!$L$14:$L$21, Calculate_cap_emi!$AM$14:$AM$21, "Not found", 0),"HP",_xlfn.XLOOKUP(E51&"|"&B51, Calculate_cap_emi!$I$14:$I$21&"|"&Calculate_cap_emi!$L$14:$L$21, Calculate_cap_emi!$AK$14:$AK$21, "Not found", 0),"HPl",_xlfn.XLOOKUP(E51&"|"&B51, Calculate_cap_emi!$I$14:$I$21&"|"&Calculate_cap_emi!$L$14:$L$21, Calculate_cap_emi!$AN$14:$AN$21, "Not found", 0),"Missing")} -> 36.844295 | R51: {=_xlfn.SWITCH(F51,"R",_xlfn.XLOOKUP(E51&"|"&B51, Calculate_cap_emi!$I$14:$I$21&"|"&Calculate_cap_emi!$L$14:$L$21, Calculate_cap_emi!$AQ$14:$AQ$21, "Not found", 0),"Rb",_xlfn.XLOOKUP(E51&"|"&B51, Calculate_cap_emi!$I$14:$I$21&"|"&Calculate_cap_emi!$L$14:$L$21, Calculate_cap_emi!$AS$14:$AS$21, "Not found", 0),"Rl",_xlfn.XLOOKUP(E51&"|"&B51, Calculate_cap_emi!$I$14:$I$21&"|"&Calculate_cap_emi!$L$14:$L$21, Calculate_cap_emi!$AT$14:$AT$21, "Not found", 0),"HP",_xlfn.XLOOKUP(E51&"|"&B51, Calculate_cap_emi!$I$14:$I$21&"|"&Calculate_cap_emi!$L$14:$L$21, Calculate_cap_emi!$AR$14:$AR$21, "Not found", 0),"HPl",_xlfn.XLOOKUP(E51&"|"&B51, Calculate_cap_emi!$I$14:$I$21&"|"&Calculate_cap_emi!$L$14:$L$21, Calculate_cap_emi!$AU$14:$AU$21, "Not found", 0),"Missing")} -> 92.156538 | S51: {=_xlfn.SWITCH(F51,"R",_xlfn.XLOOKUP(E51&"|"&B51, Calculate_cap_emi!$I$14:$I$21&"|"&Calculate_cap_emi!$L$14:$L$21, Calculate_cap_emi!$AX$14:$AX$21, "Not found", 0),"Rb",_xlfn.XLOOKUP(E51&"|"&B51, Calculate_cap_emi!$I$14:$I$21&"|"&Calculate_cap_emi!$L$14:$L$21, Calculate_cap_emi!$AZ$14:$AZ$21, "Not found", 0),"Rl",_xlfn.XLOOKUP(E51&"|"&B51, Calculate_cap_emi!$I$14:$I$21&"|"&Calculate_cap_emi!$L$14:$L$21, Calculate_cap_emi!$BA$14:$BA$21, "Not found", 0),"HP",_xlfn.XLOOKUP(E51&"|"&B51, Calculate_cap_emi!$I$14:$I$21&"|"&Calculate_cap_emi!$L$14:$L$21, Calculate_cap_emi!$AY$14:$AY$21, "Not found", 0),"HPl",_xlfn.XLOOKUP(E51&"|"&B51, Calculate_cap_emi!$I$14:$I$21&"|"&Calculate_cap_emi!$L$14:$L$21, Calculate_cap_emi!$BB$14:$BB$21, "Not found", 0),"Missing")} -> 284.43346 | T51: {=_xlfn.SWITCH(F51,"R",_xlfn.XLOOKUP(E51&"|"&B51, Calculate_cap_emi!$I$14:$I$21&"|"&Calculate_cap_emi!$L$14:$L$21, Calculate_cap_emi!$BE$14:$BE$21, "Not found", 0),"Rb",_xlfn.XLOOKUP(E51&"|"&B51, Calculate_cap_emi!$I$14:$I$21&"|"&Calculate_cap_emi!$L$14:$L$21, Calculate_cap_emi!$BG$14:$BG$21, "Not found", 0),"Rl",_xlfn.XLOOKUP(E51&"|"&B51, Calculate_cap_emi!$I$14:$I$21&"|"&Calculate_cap_emi!$L$14:$L$21, Calculate_cap_emi!$BH$14:$BH$21, "Not found", 0),"HP",_xlfn.XLOOKUP(E51&"|"&B51, Calculate_cap_emi!$I$14:$I$21&"|"&Calculate_cap_emi!$L$14:$L$21, Calculate_cap_emi!$BF$14:$BF$21, "Not found", 0),"HPl",_xlfn.XLOOKUP(E51&"|"&B51, Calculate_cap_emi!$I$14:$I$21&"|"&Calculate_cap_emi!$L$14:$L$21, Calculate_cap_emi!$BI$14:$BI$21, "Not found", 0),"Missing")} -> 1321.8996 | U51: {=_xlfn.SWITCH(F51,"R",_xlfn.XLOOKUP(E51&"|"&B51, Calculate_cap_emi_sens!$I$14:$I$21&"|"&Calculate_cap_emi_sens!$L$14:$L$21, Calculate_cap_emi_sens!$AX$14:$AX$21, "Not found", 0),"Rb",_xlfn.XLOOKUP(E51&"|"&B51, Calculate_cap_emi_sens!$I$14:$I$21&"|"&Calculate_cap_emi_sens!$L$14:$L$21, Calculate_cap_emi_sens!$AZ$14:$AZ$21, "Not found", 0),"Rl",_xlfn.XLOOKUP(E51&"|"&B51, Calculate_cap_emi_sens!$I$14:$I$21&"|"&Calculate_cap_emi_sens!$L$14:$L$21, Calculate_cap_emi_sens!$BA$14:$BA$21, "Not found", 0),"HP",_xlfn.XLOOKUP(E51&"|"&B51, Calculate_cap_emi_sens!$I$14:$I$21&"|"&Calculate_cap_emi_sens!$L$14:$L$21, Calculate_cap_emi_sens!$AY$14:$AY$21, "Not found", 0),"HPl",_xlfn.XLOOKUP(E51&"|"&B51, Calculate_cap_emi_sens!$I$14:$I$21&"|"&Calculate_cap_emi_sens!$L$14:$L$21, Calculate_cap_emi_sens!$BB$14:$BB$21, "Not found", 0),"Missing")} -> 107.61067 | V51: {=_xlfn.SWITCH(F51,"R",_xlfn.XLOOKUP(E51&"|"&B51, Calculate_cap_emi_sens!$I$14:$I$21&"|"&Calculate_cap_emi_sens!$L$14:$L$21, Calculate_cap_emi_sens!$BE$14:$BE$21, "Not found", 0),"Rb",_xlfn.XLOOKUP(E51&"|"&B51, Calculate_cap_emi_sens!$I$14:$I$21&"|"&Calculate_cap_emi_sens!$L$14:$L$21, Calculate_cap_emi_sens!$BG$14:$BG$21, "Not found", 0),"Rl",_xlfn.XLOOKUP(E51&"|"&B51, Calculate_cap_emi_sens!$I$14:$I$21&"|"&Calculate_cap_emi_sens!$L$14:$L$21, Calculate_cap_emi_sens!$BH$14:$BH$21, "Not found", 0),"HP",_xlfn.XLOOKUP(E51&"|"&B51, Calculate_cap_emi_sens!$I$14:$I$21&"|"&Calculate_cap_emi_sens!$L$14:$L$21, Calculate_cap_emi_sens!$BF$14:$BF$21, "Not found", 0),"HPl",_xlfn.XLOOKUP(E51&"|"&B51, Calculate_cap_emi_sens!$I$14:$I$21&"|"&Calculate_cap_emi_sens!$L$14:$L$21, Calculate_cap_emi_sens!$BI$14:$BI$21, "Not found", 0),"Missing")} -> 460.84468 | W51: =Results_proc_ener!L51 -> 36866.799 | X51: =Results_proc_ener!M51 -> 0 | Y51: =Results_proc_ener!N51 -> 0 | Z51: =Results_proc_ener!O51 -> 0 | AA51: =Results_proc_ener!P51 -> 0 | AB51: =Results_proc_ener!Q51 -> 780.3122 | AC51: =Results_proc_ener!R51 -> 1689.5268 | AD51: =Results_proc_ener!S51 -> 8469.5141 | AE51: =Results_proc_ener!T51 -> 8228.4676
A52: Mass-H1-Real | B52: =_xlfn.TEXTBEFORE(A52, "-", 2) -> Mass-H1 | C52: =_xlfn.TEXTBEFORE(A52, "-", 1) -> Mass | D52: =_xlfn.TEXTAFTER(B52, "-", 1) -> H1 | E52: AK | F52: HP | H52: {=_xlfn.SWITCH(F52,"HP",_xlfn.XLOOKUP(E52&"|"&B52, Calculate_cap_emi!$I$14:$I$21&"|"&Calculate_cap_emi!$L$14:$L$21, Calculate_cap_emi!$X$14:$X$21, "Not found", 0),"HPl",_xlfn.XLOOKUP(E52&"|"&B52, Calculate_cap_emi!$I$14:$I$21&"|"&Calculate_cap_emi!$L$14:$L$21, Calculate_cap_emi!$AA$14:$AA$21, "Not found", 0),)} -> 6.5 | L52: {=_xlfn.SWITCH(F52,"R",_xlfn.XLOOKUP(E52&"|"&B52, Calculate_cap_emi!$I$14:$I$21&"|"&Calculate_cap_emi!$L$14:$L$21, Calculate_cap_emi!$AC$14:$AC$21, "Not found", 0),"Rb",_xlfn.XLOOKUP(E52&"|"&B52, Calculate_cap_emi!$I$14:$I$21&"|"&Calculate_cap_emi!$L$14:$L$21, Calculate_cap_emi!$AE$14:$AE$21, "Not found", 0),"Rl",_xlfn.XLOOKUP(E52&"|"&B52, Calculate_cap_emi!$I$14:$I$21&"|"&Calculate_cap_emi!$L$14:$L$21, Calculate_cap_emi!$AF$14:$AF$21, "Not found", 0),"HP",_xlfn.XLOOKUP(E52&"|"&B52, Calculate_cap_emi!$I$14:$I$21&"|"&Calculate_cap_emi!$L$14:$L$21, Calculate_cap_emi!$AD$14:$AD$21, "Not found", 0),"HPl",_xlfn.XLOOKUP(E52&"|"&B52, Calculate_cap_emi!$I$14:$I$21&"|"&Calculate_cap_emi!$L$14:$L$21, Calculate_cap_emi!$AG$14:$AG$21, "Not found", 0),"Missing")} -> 1215.5476 | Q52: {=_xlfn.SWITCH(F52,"R",_xlfn.XLOOKUP(E52&"|"&B52, Calculate_cap_emi!$I$14:$I$21&"|"&Calculate_cap_emi!$L$14:$L$21, Calculate_cap_emi!$AJ$14:$AJ$21, "Not found", 0),"Rb",_xlfn.XLOOKUP(E52&"|"&B52, Calculate_cap_emi!$I$14:$I$21&"|"&Calculate_cap_emi!$L$14:$L$21, Calculate_cap_emi!$AL$14:$AL$21, "Not found", 0),"Rl",_xlfn.XLOOKUP(E52&"|"&B52, Calculate_cap_emi!$I$14:$I$21&"|"&Calculate_cap_emi!$L$14:$L$21, Calculate_cap_emi!$AM$14:$AM$21, "Not found", 0),"HP",_xlfn.XLOOKUP(E52&"|"&B52, Calculate_cap_emi!$I$14:$I$21&"|"&Calculate_cap_emi!$L$14:$L$21, Calculate_cap_emi!$AK$14:$AK$21, "Not found", 0),"HPl",_xlfn.XLOOKUP(E52&"|"&B52, Calculate_cap_emi!$I$14:$I$21&"|"&Calculate_cap_emi!$L$14:$L$21, Calculate_cap_emi!$AN$14:$AN$21, "Not found", 0),"Missing")} -> 27.44847 | R52: {=_xlfn.SWITCH(F52,"R",_xlfn.XLOOKUP(E52&"|"&B52, Calculate_cap_emi!$I$14:$I$21&"|"&Calculate_cap_emi!$L$14:$L$21, Calculate_cap_emi!$AQ$14:$AQ$21, "Not found", 0),"Rb",_xlfn.XLOOKUP(E52&"|"&B52, Calculate_cap_emi!$I$14:$I$21&"|"&Calculate_cap_emi!$L$14:$L$21, Calculate_cap_emi!$AS$14:$AS$21, "Not found", 0),"Rl",_xlfn.XLOOKUP(E52&"|"&B52, Calculate_cap_emi!$I$14:$I$21&"|"&Calculate_cap_emi!$L$14:$L$21, Calculate_cap_emi!$AT$14:$AT$21, "Not found", 0),"HP",_xlfn.XLOOKUP(E52&"|"&B52, Calculate_cap_emi!$I$14:$I$21&"|"&Calculate_cap_emi!$L$14:$L$21, Calculate_cap_emi!$AR$14:$AR$21, "Not found", 0),"HPl",_xlfn.XLOOKUP(E52&"|"&B52, Calculate_cap_emi!$I$14:$I$21&"|"&Calculate_cap_emi!$L$14:$L$21, Calculate_cap_emi!$AU$14:$AU$21, "Not found", 0),"Missing")} -> 76.312009 | S52: {=_xlfn.SWITCH(F52,"R",_xlfn.XLOOKUP(E52&"|"&B52, Calculate_cap_emi!$I$14:$I$21&"|"&Calculate_cap_emi!$L$14:$L$21, Calculate_cap_emi!$AX$14:$AX$21, "Not found", 0),"Rb",_xlfn.XLOOKUP(E52&"|"&B52, Calculate_cap_emi!$I$14:$I$21&"|"&Calculate_cap_emi!$L$14:$L$21, Calculate_cap_emi!$AZ$14:$AZ$21, "Not found", 0),"Rl",_xlfn.XLOOKUP(E52&"|"&B52, Calculate_cap_emi!$I$14:$I$21&"|"&Calculate_cap_emi!$L$14:$L$21, Calculate_cap_emi!$BA$14:$BA$21, "Not found", 0),"HP",_xlfn.XLOOKUP(E52&"|"&B52, Calculate_cap_emi!$I$14:$I$21&"|"&Calculate_cap_emi!$L$14:$L$21, Calculate_cap_emi!$AY$14:$AY$21, "Not found", 0),"HPl",_xlfn.XLOOKUP(E52&"|"&B52, Calculate_cap_emi!$I$14:$I$21&"|"&Calculate_cap_emi!$L$14:$L$21, Calculate_cap_emi!$BB$14:$BB$21, "Not found", 0),"Missing")} -> 241.32799 | T52: {=_xlfn.SWITCH(F52,"R",_xlfn.XLOOKUP(E52&"|"&B52, Calculate_cap_emi!$I$14:$I$21&"|"&Calculate_cap_emi!$L$14:$L$21, Calculate_cap_emi!$BE$14:$BE$21, "Not found", 0),"Rb",_xlfn.XLOOKUP(E52&"|"&B52, Calculate_cap_emi!$I$14:$I$21&"|"&Calculate_cap_emi!$L$14:$L$21, Calculate_cap_emi!$BG$14:$BG$21, "Not found", 0),"Rl",_xlfn.XLOOKUP(E52&"|"&B52, Calculate_cap_emi!$I$14:$I$21&"|"&Calculate_cap_emi!$L$14:$L$21, Calculate_cap_emi!$BH$14:$BH$21, "Not found", 0),"HP",_xlfn.XLOOKUP(E52&"|"&B52, Calculate_cap_emi!$I$14:$I$21&"|"&Calculate_cap_emi!$L$14:$L$21, Calculate_cap_emi!$BF$14:$BF$21, "Not found", 0),"HPl",_xlfn.XLOOKUP(E52&"|"&B52, Calculate_cap_emi!$I$14:$I$21&"|"&Calculate_cap_emi!$L$14:$L$21, Calculate_cap_emi!$BI$14:$BI$21, "Not found", 0),"Missing")} -> 1264.1741 | U52: {=_xlfn.SWITCH(F52,"R",_xlfn.XLOOKUP(E52&"|"&B52, Calculate_cap_emi_sens!$I$14:$I$21&"|"&Calculate_cap_emi_sens!$L$14:$L$21, Calculate_cap_emi_sens!$AX$14:$AX$21, "Not found", 0),"Rb",_xlfn.XLOOKUP(E52&"|"&B52, Calculate_cap_emi_sens!$I$14:$I$21&"|"&Calculate_cap_emi_sens!$L$14:$L$21, Calculate_cap_emi_sens!$AZ$14:$AZ$21, "Not found", 0),"Rl",_xlfn.XLOOKUP(E52&"|"&B52, Calculate_cap_emi_sens!$I$14:$I$21&"|"&Calculate_cap_emi_sens!$L$14:$L$21, Calculate_cap_emi_sens!$BA$14:$BA$21, "Not found", 0),"HP",_xlfn.XLOOKUP(E52&"|"&B52, Calculate_cap_emi_sens!$I$14:$I$21&"|"&Calculate_cap_emi_sens!$L$14:$L$21, Calculate_cap_emi_sens!$AY$14:$AY$21, "Not found", 0),"HPl",_xlfn.XLOOKUP(E52&"|"&B52, Calculate_cap_emi_sens!$I$14:$I$21&"|"&Calculate_cap_emi_sens!$L$14:$L$21, Calculate_cap_emi_sens!$BB$14:$BB$21, "Not found", 0),"Missing")} -> 85.718208 | V52: {=_xlfn.SWITCH(F52,"R",_xlfn.XLOOKUP(E52&"|"&B52, Calculate_cap_emi_sens!$I$14:$I$21&"|"&Calculate_cap_emi_sens!$L$14:$L$21, Calculate_cap_emi_sens!$BE$14:$BE$21, "Not found", 0),"Rb",_xlfn.XLOOKUP(E52&"|"&B52, Calculate_cap_emi_sens!$I$14:$I$21&"|"&Calculate_cap_emi_sens!$L$14:$L$21, Calculate_cap_emi_sens!$BG$14:$BG$21, "Not found", 0),"Rl",_xlfn.XLOOKUP(E52&"|"&B52, Calculate_cap_emi_sens!$I$14:$I$21&"|"&Calculate_cap_emi_sens!$L$14:$L$21, Calculate_cap_emi_sens!$BH$14:$BH$21, "Not found", 0),"HP",_xlfn.XLOOKUP(E52&"|"&B52, Calculate_cap_emi_sens!$I$14:$I$21&"|"&Calculate_cap_emi_sens!$L$14:$L$21, Calculate_cap_emi_sens!$BF$14:$BF$21, "Not found", 0),"HPl",_xlfn.XLOOKUP(E52&"|"&B52, Calculate_cap_emi_sens!$I$14:$I$21&"|"&Calculate_cap_emi_sens!$L$14:$L$21, Calculate_cap_emi_sens!$BI$14:$BI$21, "Not found", 0),"Missing")} -> 480.35241 | W52: =Results_proc_ener!L52 -> 32134.631 | X52: =Results_proc_ener!M52 -> 0 | Y52: =Results_proc_ener!N52 -> 0 | Z52: =Results_proc_ener!O52 -> 0 | AA52: =Results_proc_ener!P52 -> 0 | AB52: =Results_proc_ener!Q52 -> 581.32138 | AC52: =Results_proc_ener!R52 -> 1385.8192 | AD52: =Results_proc_ener!S52 -> 6795.3959 | AE52: =Results_proc_ener!T52 -> 7331.1179
A53: Mass-H1-Ideal | B53: =_xlfn.TEXTBEFORE(A53, "-", 2) -> Mass-H1 | C53: =_xlfn.TEXTBEFORE(A53, "-", 1) -> Mass | D53: =_xlfn.TEXTAFTER(B53, "-", 1) -> H1 | E53: AK | F53: HP | H53: {=_xlfn.SWITCH(F53,"HP",_xlfn.XLOOKUP(E53&"|"&B53, Calculate_cap_emi!$I$14:$I$21&"|"&Calculate_cap_emi!$L$14:$L$21, Calculate_cap_emi!$X$14:$X$21, "Not found", 0),"HPl",_xlfn.XLOOKUP(E53&"|"&B53, Calculate_cap_emi!$I$14:$I$21&"|"&Calculate_cap_emi!$L$14:$L$21, Calculate_cap_emi!$AA$14:$AA$21, "Not found", 0),)} -> 6.5 | L53: {=_xlfn.SWITCH(F53,"R",_xlfn.XLOOKUP(E53&"|"&B53, Calculate_cap_emi!$I$14:$I$21&"|"&Calculate_cap_emi!$L$14:$L$21, Calculate_cap_emi!$AC$14:$AC$21, "Not found", 0),"Rb",_xlfn.XLOOKUP(E53&"|"&B53, Calculate_cap_emi!$I$14:$I$21&"|"&Calculate_cap_emi!$L$14:$L$21, Calculate_cap_emi!$AE$14:$AE$21, "Not found", 0),"Rl",_xlfn.XLOOKUP(E53&"|"&B53, Calculate_cap_emi!$I$14:$I$21&"|"&Calculate_cap_emi!$L$14:$L$21, Calculate_cap_emi!$AF$14:$AF$21, "Not found", 0),"HP",_xlfn.XLOOKUP(E53&"|"&B53, Calculate_cap_emi!$I$14:$I$21&"|"&Calculate_cap_emi!$L$14:$L$21, Calculate_cap_emi!$AD$14:$AD$21, "Not found", 0),"HPl",_xlfn.XLOOKUP(E53&"|"&B53, Calculate_cap_emi!$I$14:$I$21&"|"&Calculate_cap_emi!$L$14:$L$21, Calculate_cap_emi!$AG$14:$AG$21, "Not found", 0),"Missing")} -> 1215.5476 | Q53: {=_xlfn.SWITCH(F53,"R",_xlfn.XLOOKUP(E53&"|"&B53, Calculate_cap_emi!$I$14:$I$21&"|"&Calculate_cap_emi!$L$14:$L$21, Calculate_cap_emi!$AJ$14:$AJ$21, "Not found", 0),"Rb",_xlfn.XLOOKUP(E53&"|"&B53, Calculate_cap_emi!$I$14:$I$21&"|"&Calculate_cap_emi!$L$14:$L$21, Calculate_cap_emi!$AL$14:$AL$21, "Not found", 0),"Rl",_xlfn.XLOOKUP(E53&"|"&B53, Calculate_cap_emi!$I$14:$I$21&"|"&Calculate_cap_emi!$L$14:$L$21, Calculate_cap_emi!$AM$14:$AM$21, "Not found", 0),"HP",_xlfn.XLOOKUP(E53&"|"&B53, Calculate_cap_emi!$I$14:$I$21&"|"&Calculate_cap_emi!$L$14:$L$21, Calculate_cap_emi!$AK$14:$AK$21, "Not found", 0),"HPl",_xlfn.XLOOKUP(E53&"|"&B53, Calculate_cap_emi!$I$14:$I$21&"|"&Calculate_cap_emi!$L$14:$L$21, Calculate_cap_emi!$AN$14:$AN$21, "Not found", 0),"Missing")} -> 27.44847 | R53: {=_xlfn.SWITCH(F53,"R",_xlfn.XLOOKUP(E53&"|"&B53, Calculate_cap_emi!$I$14:$I$21&"|"&Calculate_cap_emi!$L$14:$L$21, Calculate_cap_emi!$AQ$14:$AQ$21, "Not found", 0),"Rb",_xlfn.XLOOKUP(E53&"|"&B53, Calculate_cap_emi!$I$14:$I$21&"|"&Calculate_cap_emi!$L$14:$L$21, Calculate_cap_emi!$AS$14:$AS$21, "Not found", 0),"Rl",_xlfn.XLOOKUP(E53&"|"&B53, Calculate_cap_emi!$I$14:$I$21&"|"&Calculate_cap_emi!$L$14:$L$21, Calculate_cap_emi!$AT$14:$AT$21, "Not found", 0),"HP",_xlfn.XLOOKUP(E53&"|"&B53, Calculate_cap_emi!$I$14:$I$21&"|"&Calculate_cap_emi!$L$14:$L$21, Calculate_cap_emi!$AR$14:$AR$21, "Not found", 0),"HPl",_xlfn.XLOOKUP(E53&"|"&B53, Calculate_cap_emi!$I$14:$I$21&"|"&Calculate_cap_emi!$L$14:$L$21, Calculate_cap_emi!$AU$14:$AU$21, "Not found", 0),"Missing")} -> 76.312009 | S53: {=_xlfn.SWITCH(F53,"R",_xlfn.XLOOKUP(E53&"|"&B53, Calculate_cap_emi!$I$14:$I$21&"|"&Calculate_cap_emi!$L$14:$L$21, Calculate_cap_emi!$AX$14:$AX$21, "Not found", 0),"Rb",_xlfn.XLOOKUP(E53&"|"&B53, Calculate_cap_emi!$I$14:$I$21&"|"&Calculate_cap_emi!$L$14:$L$21, Calculate_cap_emi!$AZ$14:$AZ$21, "Not found", 0),"Rl",_xlfn.XLOOKUP(E53&"|"&B53, Calculate_cap_emi!$I$14:$I$21&"|"&Calculate_cap_emi!$L$14:$L$21, Calculate_cap_emi!$BA$14:$BA$21, "Not found", 0),"HP",_xlfn.XLOOKUP(E53&"|"&B53, Calculate_cap_emi!$I$14:$I$21&"|"&Calculate_cap_emi!$L$14:$L$21, Calculate_cap_emi!$AY$14:$AY$21, "Not found", 0),"HPl",_xlfn.XLOOKUP(E53&"|"&B53, Calculate_cap_emi!$I$14:$I$21&"|"&Calculate_cap_emi!$L$14:$L$21, Calculate_cap_emi!$BB$14:$BB$21, "Not found", 0),"Missing")} -> 241.32799 | T53: {=_xlfn.SWITCH(F53,"R",_xlfn.XLOOKUP(E53&"|"&B53, Calculate_cap_emi!$I$14:$I$21&"|"&Calculate_cap_emi!$L$14:$L$21, Calculate_cap_emi!$BE$14:$BE$21, "Not found", 0),"Rb",_xlfn.XLOOKUP(E53&"|"&B53, Calculate_cap_emi!$I$14:$I$21&"|"&Calculate_cap_emi!$L$14:$L$21, Calculate_cap_emi!$BG$14:$BG$21, "Not found", 0),"Rl",_xlfn.XLOOKUP(E53&"|"&B53, Calculate_cap_emi!$I$14:$I$21&"|"&Calculate_cap_emi!$L$14:$L$21, Calculate_cap_emi!$BH$14:$BH$21, "Not found", 0),"HP",_xlfn.XLOOKUP(E53&"|"&B53, Calculate_cap_emi!$I$14:$I$21&"|"&Calculate_cap_emi!$L$14:$L$21, Calculate_cap_emi!$BF$14:$BF$21, "Not found", 0),"HPl",_xlfn.XLOOKUP(E53&"|"&B53, Calculate_cap_emi!$I$14:$I$21&"|"&Calculate_cap_emi!$L$14:$L$21, Calculate_cap_emi!$BI$14:$BI$21, "Not found", 0),"Missing")} -> 1264.1741 | U53: {=_xlfn.SWITCH(F53,"R",_xlfn.XLOOKUP(E53&"|"&B53, Calculate_cap_emi_sens!$I$14:$I$21&"|"&Calculate_cap_emi_sens!$L$14:$L$21, Calculate_cap_emi_sens!$AX$14:$AX$21, "Not found", 0),"Rb",_xlfn.XLOOKUP(E53&"|"&B53, Calculate_cap_emi_sens!$I$14:$I$21&"|"&Calculate_cap_emi_sens!$L$14:$L$21, Calculate_cap_emi_sens!$AZ$14:$AZ$21, "Not found", 0),"Rl",_xlfn.XLOOKUP(E53&"|"&B53, Calculate_cap_emi_sens!$I$14:$I$21&"|"&Calculate_cap_emi_sens!$L$14:$L$21, Calculate_cap_emi_sens!$BA$14:$BA$21, "Not found", 0),"HP",_xlfn.XLOOKUP(E53&"|"&B53, Calculate_cap_emi_sens!$I$14:$I$21&"|"&Calculate_cap_emi_sens!$L$14:$L$21, Calculate_cap_emi_sens!$AY$14:$AY$21, "Not found", 0),"HPl",_xlfn.XLOOKUP(E53&"|"&B53, Calculate_cap_emi_sens!$I$14:$I$21&"|"&Calculate_cap_emi_sens!$L$14:$L$21, Calculate_cap_emi_sens!$BB$14:$BB$21, "Not found", 0),"Missing")} -> 85.718208 | V53: {=_xlfn.SWITCH(F53,"R",_xlfn.XLOOKUP(E53&"|"&B53, Calculate_cap_emi_sens!$I$14:$I$21&"|"&Calculate_cap_emi_sens!$L$14:$L$21, Calculate_cap_emi_sens!$BE$14:$BE$21, "Not found", 0),"Rb",_xlfn.XLOOKUP(E53&"|"&B53, Calculate_cap_emi_sens!$I$14:$I$21&"|"&Calculate_cap_emi_sens!$L$14:$L$21, Calculate_cap_emi_sens!$BG$14:$BG$21, "Not found", 0),"Rl",_xlfn.XLOOKUP(E53&"|"&B53, Calculate_cap_emi_sens!$I$14:$I$21&"|"&Calculate_cap_emi_sens!$L$14:$L$21, Calculate_cap_emi_sens!$BH$14:$BH$21, "Not found", 0),"HP",_xlfn.XLOOKUP(E53&"|"&B53, Calculate_cap_emi_sens!$I$14:$I$21&"|"&Calculate_cap_emi_sens!$L$14:$L$21, Calculate_cap_emi_sens!$BF$14:$BF$21, "Not found", 0),"HPl",_xlfn.XLOOKUP(E53&"|"&B53, Calculate_cap_emi_sens!$I$14:$I$21&"|"&Calculate_cap_emi_sens!$L$14:$L$21, Calculate_cap_emi_sens!$BI$14:$BI$21, "Not found", 0),"Missing")} -> 480.35241 | W53: =Results_proc_ener!L53 -> 32134.631 | X53: =Results_proc_ener!M53 -> 0 | Y53: =Results_proc_ener!N53 -> 0 | Z53: =Results_proc_ener!O53 -> 0 | AA53: =Results_proc_ener!P53 -> 0 | AB53: =Results_proc_ener!Q53 -> 581.32138 | AC53: =Results_proc_ener!R53 -> 1385.8192 | AD53: =Results_proc_ener!S53 -> 6795.3959 | AE53: =Results_proc_ener!T53 -> 7331.1179
A54: Mod-Nom-Real | B54: =_xlfn.TEXTBEFORE(A54, "-", 2) -> Mod-Nom | C54: =_xlfn.TEXTBEFORE(A54, "-", 1) -> Mod | D54: =_xlfn.TEXTAFTER(B54, "-", 1) -> Nom | E54: AK | F54: HP | H54: {=_xlfn.SWITCH(F54,"HP",_xlfn.XLOOKUP(E54&"|"&B54, Calculate_cap_emi!$I$14:$I$21&"|"&Calculate_cap_emi!$L$14:$L$21, Calculate_cap_emi!$X$14:$X$21, "Not found", 0),"HPl",_xlfn.XLOOKUP(E54&"|"&B54, Calculate_cap_emi!$I$14:$I$21&"|"&Calculate_cap_emi!$L$14:$L$21, Calculate_cap_emi!$AA$14:$AA$21, "Not found", 0),)} -> 11 | L54: {=_xlfn.SWITCH(F54,"R",_xlfn.XLOOKUP(E54&"|"&B54, Calculate_cap_emi!$I$14:$I$21&"|"&Calculate_cap_emi!$L$14:$L$21, Calculate_cap_emi!$AC$14:$AC$21, "Not found", 0),"Rb",_xlfn.XLOOKUP(E54&"|"&B54, Calculate_cap_emi!$I$14:$I$21&"|"&Calculate_cap_emi!$L$14:$L$21, Calculate_cap_emi!$AE$14:$AE$21, "Not found", 0),"Rl",_xlfn.XLOOKUP(E54&"|"&B54, Calculate_cap_emi!$I$14:$I$21&"|"&Calculate_cap_emi!$L$14:$L$21, Calculate_cap_emi!$AF$14:$AF$21, "Not found", 0),"HP",_xlfn.XLOOKUP(E54&"|"&B54, Calculate_cap_emi!$I$14:$I$21&"|"&Calculate_cap_emi!$L$14:$L$21, Calculate_cap_emi!$AD$14:$AD$21, "Not found", 0),"HPl",_xlfn.XLOOKUP(E54&"|"&B54, Calculate_cap_emi!$I$14:$I$21&"|"&Calculate_cap_emi!$L$14:$L$21, Calculate_cap_emi!$AG$14:$AG$21, "Not found", 0),"Missing")} -> 1869.5478 | Q54: {=_xlfn.SWITCH(F54,"R",_xlfn.XLOOKUP(E54&"|"&B54, Calculate_cap_emi!$I$14:$I$21&"|"&Calculate_cap_emi!$L$14:$L$21, Calculate_cap_emi!$AJ$14:$AJ$21, "Not found", 0),"Rb",_xlfn.XLOOKUP(E54&"|"&B54, Calculate_cap_emi!$I$14:$I$21&"|"&Calculate_cap_emi!$L$14:$L$21, Calculate_cap_emi!$AL$14:$AL$21, "Not found", 0),"Rl",_xlfn.XLOOKUP(E54&"|"&B54, Calculate_cap_emi!$I$14:$I$21&"|"&Calculate_cap_emi!$L$14:$L$21, Calculate_cap_emi!$AM$14:$AM$21, "Not found", 0),"HP",_xlfn.XLOOKUP(E54&"|"&B54, Calculate_cap_emi!$I$14:$I$21&"|"&Calculate_cap_emi!$L$14:$L$21, Calculate_cap_emi!$AK$14:$AK$21, "Not found", 0),"HPl",_xlfn.XLOOKUP(E54&"|"&B54, Calculate_cap_emi!$I$14:$I$21&"|"&Calculate_cap_emi!$L$14:$L$21, Calculate_cap_emi!$AN$14:$AN$21, "Not found", 0),"Missing")} -> 44.04479 | R54: {=_xlfn.SWITCH(F54,"R",_xlfn.XLOOKUP(E54&"|"&B54, Calculate_cap_emi!$I$14:$I$21&"|"&Calculate_cap_emi!$L$14:$L$21, Calculate_cap_emi!$AQ$14:$AQ$21, "Not found", 0),"Rb",_xlfn.XLOOKUP(E54&"|"&B54, Calculate_cap_emi!$I$14:$I$21&"|"&Calculate_cap_emi!$L$14:$L$21, Calculate_cap_emi!$AS$14:$AS$21, "Not found", 0),"Rl",_xlfn.XLOOKUP(E54&"|"&B54, Calculate_cap_emi!$I$14:$I$21&"|"&Calculate_cap_emi!$L$14:$L$21, Calculate_cap_emi!$AT$14:$AT$21, "Not found", 0),"HP",_xlfn.XLOOKUP(E54&"|"&B54, Calculate_cap_emi!$I$14:$I$21&"|"&Calculate_cap_emi!$L$14:$L$21, Calculate_cap_emi!$AR$14:$AR$21, "Not found", 0),"HPl",_xlfn.XLOOKUP(E54&"|"&B54, Calculate_cap_emi!$I$14:$I$21&"|"&Calculate_cap_emi!$L$14:$L$21, Calculate_cap_emi!$AU$14:$AU$21, "Not found", 0),"Missing")} -> 141.532 | S54: {=_xlfn.SWITCH(F54,"R",_xlfn.XLOOKUP(E54&"|"&B54, Calculate_cap_emi!$I$14:$I$21&"|"&Calculate_cap_emi!$L$14:$L$21, Calculate_cap_emi!$AX$14:$AX$21, "Not found", 0),"Rb",_xlfn.XLOOKUP(E54&"|"&B54, Calculate_cap_emi!$I$14:$I$21&"|"&Calculate_cap_emi!$L$14:$L$21, Calculate_cap_emi!$AZ$14:$AZ$21, "Not found", 0),"Rl",_xlfn.XLOOKUP(E54&"|"&B54, Calculate_cap_emi!$I$14:$I$21&"|"&Calculate_cap_emi!$L$14:$L$21, Calculate_cap_emi!$BA$14:$BA$21, "Not found", 0),"HP",_xlfn.XLOOKUP(E54&"|"&B54, Calculate_cap_emi!$I$14:$I$21&"|"&Calculate_cap_emi!$L$14:$L$21, Calculate_cap_emi!$AY$14:$AY$21, "Not found", 0),"HPl",_xlfn.XLOOKUP(E54&"|"&B54, Calculate_cap_emi!$I$14:$I$21&"|"&Calculate_cap_emi!$L$14:$L$21, Calculate_cap_emi!$BB$14:$BB$21, "Not found", 0),"Missing")} -> 371.34624 | T54: {=_xlfn.SWITCH(F54,"R",_xlfn.XLOOKUP(E54&"|"&B54, Calculate_cap_emi!$I$14:$I$21&"|"&Calculate_cap_emi!$L$14:$L$21, Calculate_cap_emi!$BE$14:$BE$21, "Not found", 0),"Rb",_xlfn.XLOOKUP(E54&"|"&B54, Calculate_cap_emi!$I$14:$I$21&"|"&Calculate_cap_emi!$L$14:$L$21, Calculate_cap_emi!$BG$14:$BG$21, "Not found", 0),"Rl",_xlfn.XLOOKUP(E54&"|"&B54, Calculate_cap_emi!$I$14:$I$21&"|"&Calculate_cap_emi!$L$14:$L$21, Calculate_cap_emi!$BH$14:$BH$21, "Not found", 0),"HP",_xlfn.XLOOKUP(E54&"|"&B54, Calculate_cap_emi!$I$14:$I$21&"|"&Calculate_cap_emi!$L$14:$L$21, Calculate_cap_emi!$BF$14:$BF$21, "Not found", 0),"HPl",_xlfn.XLOOKUP(E54&"|"&B54, Calculate_cap_emi!$I$14:$I$21&"|"&Calculate_cap_emi!$L$14:$L$21, Calculate_cap_emi!$BI$14:$BI$21, "Not found", 0),"Missing")} -> 1993.5192 | U54: {=_xlfn.SWITCH(F54,"R",_xlfn.XLOOKUP(E54&"|"&B54, Calculate_cap_emi_sens!$I$14:$I$21&"|"&Calculate_cap_emi_sens!$L$14:$L$21, Calculate_cap_emi_sens!$AX$14:$AX$21, "Not found", 0),"Rb",_xlfn.XLOOKUP(E54&"|"&B54, Calculate_cap_emi_sens!$I$14:$I$21&"|"&Calculate_cap_emi_sens!$L$14:$L$21, Calculate_cap_emi_sens!$AZ$14:$AZ$21, "Not found", 0),"Rl",_xlfn.XLOOKUP(E54&"|"&B54, Calculate_cap_emi_sens!$I$14:$I$21&"|"&Calculate_cap_emi_sens!$L$14:$L$21, Calculate_cap_emi_sens!$BA$14:$BA$21, "Not found", 0),"HP",_xlfn.XLOOKUP(E54&"|"&B54, Calculate_cap_emi_sens!$I$14:$I$21&"|"&Calculate_cap_emi_sens!$L$14:$L$21, Calculate_cap_emi_sens!$AY$14:$AY$21, "Not found", 0),"HPl",_xlfn.XLOOKUP(E54&"|"&B54, Calculate_cap_emi_sens!$I$14:$I$21&"|"&Calculate_cap_emi_sens!$L$14:$L$21, Calculate_cap_emi_sens!$BB$14:$BB$21, "Not found", 0),"Missing")} -> 119.17051 | V54: {=_xlfn.SWITCH(F54,"R",_xlfn.XLOOKUP(E54&"|"&B54, Calculate_cap_emi_sens!$I$14:$I$21&"|"&Calculate_cap_emi_sens!$L$14:$L$21, Calculate_cap_emi_sens!$BE$14:$BE$21, "Not found", 0),"Rb",_xlfn.XLOOKUP(E54&"|"&B54, Calculate_cap_emi_sens!$I$14:$I$21&"|"&Calculate_cap_emi_sens!$L$14:$L$21, Calculate_cap_emi_sens!$BG$14:$BG$21, "Not found", 0),"Rl",_xlfn.XLOOKUP(E54&"|"&B54, Calculate_cap_emi_sens!$I$14:$I$21&"|"&Calculate_cap_emi_sens!$L$14:$L$21, Calculate_cap_emi_sens!$BH$14:$BH$21, "Not found", 0),"HP",_xlfn.XLOOKUP(E54&"|"&B54, Calculate_cap_emi_sens!$I$14:$I$21&"|"&Calculate_cap_emi_sens!$L$14:$L$21, Calculate_cap_emi_sens!$BF$14:$BF$21, "Not found", 0),"HPl",_xlfn.XLOOKUP(E54&"|"&B54, Calculate_cap_emi_sens!$I$14:$I$21&"|"&Calculate_cap_emi_sens!$L$14:$L$21, Calculate_cap_emi_sens!$BI$14:$BI$21, "Not found", 0),"Missing")} -> 657.00509 | W54: =Results_proc_ener!L54 -> 53142.195 | X54: =Results_proc_ener!M54 -> 0 | Y54: =Results_proc_ener!N54 -> 0 | Z54: =Results_proc_ener!O54 -> 0 | AA54: =Results_proc_ener!P54 -> 0 | AB54: =Results_proc_ener!Q54 -> 932.80893 | AC54: =Results_proc_ener!R54 -> 2422.4804 | AD54: =Results_proc_ener!S54 -> 13297.161 | AE54: =Results_proc_ener!T54 -> 12497.436
A55: Mod-Nom-Ideal | B55: =_xlfn.TEXTBEFORE(A55, "-", 2) -> Mod-Nom | C55: =_xlfn.TEXTBEFORE(A55, "-", 1) -> Mod | D55: =_xlfn.TEXTAFTER(B55, "-", 1) -> Nom | E55: AK | F55: HP | H55: {=_xlfn.SWITCH(F55,"HP",_xlfn.XLOOKUP(E55&"|"&B55, Calculate_cap_emi!$I$14:$I$21&"|"&Calculate_cap_emi!$L$14:$L$21, Calculate_cap_emi!$X$14:$X$21, "Not found", 0),"HPl",_xlfn.XLOOKUP(E55&"|"&B55, Calculate_cap_emi!$I$14:$I$21&"|"&Calculate_cap_emi!$L$14:$L$21, Calculate_cap_emi!$AA$14:$AA$21, "Not found", 0),)} -> 11 | L55: {=_xlfn.SWITCH(F55,"R",_xlfn.XLOOKUP(E55&"|"&B55, Calculate_cap_emi!$I$14:$I$21&"|"&Calculate_cap_emi!$L$14:$L$21, Calculate_cap_emi!$AC$14:$AC$21, "Not found", 0),"Rb",_xlfn.XLOOKUP(E55&"|"&B55, Calculate_cap_emi!$I$14:$I$21&"|"&Calculate_cap_emi!$L$14:$L$21, Calculate_cap_emi!$AE$14:$AE$21, "Not found", 0),"Rl",_xlfn.XLOOKUP(E55&"|"&B55, Calculate_cap_emi!$I$14:$I$21&"|"&Calculate_cap_emi!$L$14:$L$21, Calculate_cap_emi!$AF$14:$AF$21, "Not found", 0),"HP",_xlfn.XLOOKUP(E55&"|"&B55, Calculate_cap_emi!$I$14:$I$21&"|"&Calculate_cap_emi!$L$14:$L$21, Calculate_cap_emi!$AD$14:$AD$21, "Not found", 0),"HPl",_xlfn.XLOOKUP(E55&"|"&B55, Calculate_cap_emi!$I$14:$I$21&"|"&Calculate_cap_emi!$L$14:$L$21, Calculate_cap_emi!$AG$14:$AG$21, "Not found", 0),"Missing")} -> 1869.5478 | Q55: {=_xlfn.SWITCH(F55,"R",_xlfn.XLOOKUP(E55&"|"&B55, Calculate_cap_emi!$I$14:$I$21&"|"&Calculate_cap_emi!$L$14:$L$21, Calculate_cap_emi!$AJ$14:$AJ$21, "Not found", 0),"Rb",_xlfn.XLOOKUP(E55&"|"&B55, Calculate_cap_emi!$I$14:$I$21&"|"&Calculate_cap_emi!$L$14:$L$21, Calculate_cap_emi!$AL$14:$AL$21, "Not found", 0),"Rl",_xlfn.XLOOKUP(E55&"|"&B55, Calculate_cap_emi!$I$14:$I$21&"|"&Calculate_cap_emi!$L$14:$L$21, Calculate_cap_emi!$AM$14:$AM$21, "Not found", 0),"HP",_xlfn.XLOOKUP(E55&"|"&B55, Calculate_cap_emi!$I$14:$I$21&"|"&Calculate_cap_emi!$L$14:$L$21, Calculate_cap_emi!$AK$14:$AK$21, "Not found", 0),"HPl",_xlfn.XLOOKUP(E55&"|"&B55, Calculate_cap_emi!$I$14:$I$21&"|"&Calculate_cap_emi!$L$14:$L$21, Calculate_cap_emi!$AN$14:$AN$21, "Not found", 0),"Missing")} -> 44.04479 | R55: {=_xlfn.SWITCH(F55,"R",_xlfn.XLOOKUP(E55&"|"&B55, Calculate_cap_emi!$I$14:$I$21&"|"&Calculate_cap_emi!$L$14:$L$21, Calculate_cap_emi!$AQ$14:$AQ$21, "Not found", 0),"Rb",_xlfn.XLOOKUP(E55&"|"&B55, Calculate_cap_emi!$I$14:$I$21&"|"&Calculate_cap_emi!$L$14:$L$21, Calculate_cap_emi!$AS$14:$AS$21, "Not found", 0),"Rl",_xlfn.XLOOKUP(E55&"|"&B55, Calculate_cap_emi!$I$14:$I$21&"|"&Calculate_cap_emi!$L$14:$L$21, Calculate_cap_emi!$AT$14:$AT$21, "Not found", 0),"HP",_xlfn.XLOOKUP(E55&"|"&B55, Calculate_cap_emi!$I$14:$I$21&"|"&Calculate_cap_emi!$L$14:$L$21, Calculate_cap_emi!$AR$14:$AR$21, "Not found", 0),"HPl",_xlfn.XLOOKUP(E55&"|"&B55, Calculate_cap_emi!$I$14:$I$21&"|"&Calculate_cap_emi!$L$14:$L$21, Calculate_cap_emi!$AU$14:$AU$21, "Not found", 0),"Missing")} -> 141.532 | S55: {=_xlfn.SWITCH(F55,"R",_xlfn.XLOOKUP(E55&"|"&B55, Calculate_cap_emi!$I$14:$I$21&"|"&Calculate_cap_emi!$L$14:$L$21, Calculate_cap_emi!$AX$14:$AX$21, "Not found", 0),"Rb",_xlfn.XLOOKUP(E55&"|"&B55, Calculate_cap_emi!$I$14:$I$21&"|"&Calculate_cap_emi!$L$14:$L$21, Calculate_cap_emi!$AZ$14:$AZ$21, "Not found", 0),"Rl",_xlfn.XLOOKUP(E55&"|"&B55, Calculate_cap_emi!$I$14:$I$21&"|"&Calculate_cap_emi!$L$14:$L$21, Calculate_cap_emi!$BA$14:$BA$21, "Not found", 0),"HP",_xlfn.XLOOKUP(E55&"|"&B55, Calculate_cap_emi!$I$14:$I$21&"|"&Calculate_cap_emi!$L$14:$L$21, Calculate_cap_emi!$AY$14:$AY$21, "Not found", 0),"HPl",_xlfn.XLOOKUP(E55&"|"&B55, Calculate_cap_emi!$I$14:$I$21&"|"&Calculate_cap_emi!$L$14:$L$21, Calculate_cap_emi!$BB$14:$BB$21, "Not found", 0),"Missing")} -> 371.34624 | T55: {=_xlfn.SWITCH(F55,"R",_xlfn.XLOOKUP(E55&"|"&B55, Calculate_cap_emi!$I$14:$I$21&"|"&Calculate_cap_emi!$L$14:$L$21, Calculate_cap_emi!$BE$14:$BE$21, "Not found", 0),"Rb",_xlfn.XLOOKUP(E55&"|"&B55, Calculate_cap_emi!$I$14:$I$21&"|"&Calculate_cap_emi!$L$14:$L$21, Calculate_cap_emi!$BG$14:$BG$21, "Not found", 0),"Rl",_xlfn.XLOOKUP(E55&"|"&B55, Calculate_cap_emi!$I$14:$I$21&"|"&Calculate_cap_emi!$L$14:$L$21, Calculate_cap_emi!$BH$14:$BH$21, "Not found", 0),"HP",_xlfn.XLOOKUP(E55&"|"&B55, Calculate_cap_emi!$I$14:$I$21&"|"&Calculate_cap_emi!$L$14:$L$21, Calculate_cap_emi!$BF$14:$BF$21, "Not found", 0),"HPl",_xlfn.XLOOKUP(E55&"|"&B55, Calculate_cap_emi!$I$14:$I$21&"|"&Calculate_cap_emi!$L$14:$L$21, Calculate_cap_emi!$BI$14:$BI$21, "Not found", 0),"Missing")} -> 1993.5192 | U55: {=_xlfn.SWITCH(F55,"R",_xlfn.XLOOKUP(E55&"|"&B55, Calculate_cap_emi_sens!$I$14:$I$21&"|"&Calculate_cap_emi_sens!$L$14:$L$21, Calculate_cap_emi_sens!$AX$14:$AX$21, "Not found", 0),"Rb",_xlfn.XLOOKUP(E55&"|"&B55, Calculate_cap_emi_sens!$I$14:$I$21&"|"&Calculate_cap_emi_sens!$L$14:$L$21, Calculate_cap_emi_sens!$AZ$14:$AZ$21, "Not found", 0),"Rl",_xlfn.XLOOKUP(E55&"|"&B55, Calculate_cap_emi_sens!$I$14:$I$21&"|"&Calculate_cap_emi_sens!$L$14:$L$21, Calculate_cap_emi_sens!$BA$14:$BA$21, "Not found", 0),"HP",_xlfn.XLOOKUP(E55&"|"&B55, Calculate_cap_emi_sens!$I$14:$I$21&"|"&Calculate_cap_emi_sens!$L$14:$L$21, Calculate_cap_emi_sens!$AY$14:$AY$21, "Not found", 0),"HPl",_xlfn.XLOOKUP(E55&"|"&B55, Calculate_cap_emi_sens!$I$14:$I$21&"|"&Calculate_cap_emi_sens!$L$14:$L$21, Calculate_cap_emi_sens!$BB$14:$BB$21, "Not found", 0),"Missing")} -> 119.17051 | V55: {=_xlfn.SWITCH(F55,"R",_xlfn.XLOOKUP(E55&"|"&B55, Calculate_cap_emi_sens!$I$14:$I$21&"|"&Calculate_cap_emi_sens!$L$14:$L$21, Calculate_cap_emi_sens!$BE$14:$BE$21, "Not found", 0),"Rb",_xlfn.XLOOKUP(E55&"|"&B55, Calculate_cap_emi_sens!$I$14:$I$21&"|"&Calculate_cap_emi_sens!$L$14:$L$21, Calculate_cap_emi_sens!$BG$14:$BG$21, "Not found", 0),"Rl",_xlfn.XLOOKUP(E55&"|"&B55, Calculate_cap_emi_sens!$I$14:$I$21&"|"&Calculate_cap_emi_sens!$L$14:$L$21, Calculate_cap_emi_sens!$BH$14:$BH$21, "Not found", 0),"HP",_xlfn.XLOOKUP(E55&"|"&B55, Calculate_cap_emi_sens!$I$14:$I$21&"|"&Calculate_cap_emi_sens!$L$14:$L$21, Calculate_cap_emi_sens!$BF$14:$BF$21, "Not found", 0),"HPl",_xlfn.XLOOKUP(E55&"|"&B55, Calculate_cap_emi_sens!$I$14:$I$21&"|"&Calculate_cap_emi_sens!$L$14:$L$21, Calculate_cap_emi_sens!$BI$14:$BI$21, "Not found", 0),"Missing")} -> 657.00509 | W55: =Results_proc_ener!L55 -> 53142.195 | X55: =Results_proc_ener!M55 -> 0 | Y55: =Results_proc_ener!N55 -> 0 | Z55: =Results_proc_ener!O55 -> 0 | AA55: =Results_proc_ener!P55 -> 0 | AB55: =Results_proc_ener!Q55 -> 932.80893 | AC55: =Results_proc_ener!R55 -> 2422.4804 | AD55: =Results_proc_ener!S55 -> 13297.161 | AE55: =Results_proc_ener!T55 -> 12497.436
A56: Mod-H1-Real | B56: =_xlfn.TEXTBEFORE(A56, "-", 2) -> Mod-H1 | C56: =_xlfn.TEXTBEFORE(A56, "-", 1) -> Mod | D56: =_xlfn.TEXTAFTER(B56, "-", 1) -> H1 | E56: AK | F56: HP | H56: {=_xlfn.SWITCH(F56,"HP",_xlfn.XLOOKUP(E56&"|"&B56, Calculate_cap_emi!$I$14:$I$21&"|"&Calculate_cap_emi!$L$14:$L$21, Calculate_cap_emi!$X$14:$X$21, "Not found", 0),"HPl",_xlfn.XLOOKUP(E56&"|"&B56, Calculate_cap_emi!$I$14:$I$21&"|"&Calculate_cap_emi!$L$14:$L$21, Calculate_cap_emi!$AA$14:$AA$21, "Not found", 0),)} -> 6.5 | L56: {=_xlfn.SWITCH(F56,"R",_xlfn.XLOOKUP(E56&"|"&B56, Calculate_cap_emi!$I$14:$I$21&"|"&Calculate_cap_emi!$L$14:$L$21, Calculate_cap_emi!$AC$14:$AC$21, "Not found", 0),"Rb",_xlfn.XLOOKUP(E56&"|"&B56, Calculate_cap_emi!$I$14:$I$21&"|"&Calculate_cap_emi!$L$14:$L$21, Calculate_cap_emi!$AE$14:$AE$21, "Not found", 0),"Rl",_xlfn.XLOOKUP(E56&"|"&B56, Calculate_cap_emi!$I$14:$I$21&"|"&Calculate_cap_emi!$L$14:$L$21, Calculate_cap_emi!$AF$14:$AF$21, "Not found", 0),"HP",_xlfn.XLOOKUP(E56&"|"&B56, Calculate_cap_emi!$I$14:$I$21&"|"&Calculate_cap_emi!$L$14:$L$21, Calculate_cap_emi!$AD$14:$AD$21, "Not found", 0),"HPl",_xlfn.XLOOKUP(E56&"|"&B56, Calculate_cap_emi!$I$14:$I$21&"|"&Calculate_cap_emi!$L$14:$L$21, Calculate_cap_emi!$AG$14:$AG$21, "Not found", 0),"Missing")} -> 1637.277 | Q56: {=_xlfn.SWITCH(F56,"R",_xlfn.XLOOKUP(E56&"|"&B56, Calculate_cap_emi!$I$14:$I$21&"|"&Calculate_cap_emi!$L$14:$L$21, Calculate_cap_emi!$AJ$14:$AJ$21, "Not found", 0),"Rb",_xlfn.XLOOKUP(E56&"|"&B56, Calculate_cap_emi!$I$14:$I$21&"|"&Calculate_cap_emi!$L$14:$L$21, Calculate_cap_emi!$AL$14:$AL$21, "Not found", 0),"Rl",_xlfn.XLOOKUP(E56&"|"&B56, Calculate_cap_emi!$I$14:$I$21&"|"&Calculate_cap_emi!$L$14:$L$21, Calculate_cap_emi!$AM$14:$AM$21, "Not found", 0),"HP",_xlfn.XLOOKUP(E56&"|"&B56, Calculate_cap_emi!$I$14:$I$21&"|"&Calculate_cap_emi!$L$14:$L$21, Calculate_cap_emi!$AK$14:$AK$21, "Not found", 0),"HPl",_xlfn.XLOOKUP(E56&"|"&B56, Calculate_cap_emi!$I$14:$I$21&"|"&Calculate_cap_emi!$L$14:$L$21, Calculate_cap_emi!$AN$14:$AN$21, "Not found", 0),"Missing")} -> 38.205239 | R56: {=_xlfn.SWITCH(F56,"R",_xlfn.XLOOKUP(E56&"|"&B56, Calculate_cap_emi!$I$14:$I$21&"|"&Calculate_cap_emi!$L$14:$L$21, Calculate_cap_emi!$AQ$14:$AQ$21, "Not found", 0),"Rb",_xlfn.XLOOKUP(E56&"|"&B56, Calculate_cap_emi!$I$14:$I$21&"|"&Calculate_cap_emi!$L$14:$L$21, Calculate_cap_emi!$AS$14:$AS$21, "Not found", 0),"Rl",_xlfn.XLOOKUP(E56&"|"&B56, Calculate_cap_emi!$I$14:$I$21&"|"&Calculate_cap_emi!$L$14:$L$21, Calculate_cap_emi!$AT$14:$AT$21, "Not found", 0),"HP",_xlfn.XLOOKUP(E56&"|"&B56, Calculate_cap_emi!$I$14:$I$21&"|"&Calculate_cap_emi!$L$14:$L$21, Calculate_cap_emi!$AR$14:$AR$21, "Not found", 0),"HPl",_xlfn.XLOOKUP(E56&"|"&B56, Calculate_cap_emi!$I$14:$I$21&"|"&Calculate_cap_emi!$L$14:$L$21, Calculate_cap_emi!$AU$14:$AU$21, "Not found", 0),"Missing")} -> 107.93554 | S56: {=_xlfn.SWITCH(F56,"R",_xlfn.XLOOKUP(E56&"|"&B56, Calculate_cap_emi!$I$14:$I$21&"|"&Calculate_cap_emi!$L$14:$L$21, Calculate_cap_emi!$AX$14:$AX$21, "Not found", 0),"Rb",_xlfn.XLOOKUP(E56&"|"&B56, Calculate_cap_emi!$I$14:$I$21&"|"&Calculate_cap_emi!$L$14:$L$21, Calculate_cap_emi!$AZ$14:$AZ$21, "Not found", 0),"Rl",_xlfn.XLOOKUP(E56&"|"&B56, Calculate_cap_emi!$I$14:$I$21&"|"&Calculate_cap_emi!$L$14:$L$21, Calculate_cap_emi!$BA$14:$BA$21, "Not found", 0),"HP",_xlfn.XLOOKUP(E56&"|"&B56, Calculate_cap_emi!$I$14:$I$21&"|"&Calculate_cap_emi!$L$14:$L$21, Calculate_cap_emi!$AY$14:$AY$21, "Not found", 0),"HPl",_xlfn.XLOOKUP(E56&"|"&B56, Calculate_cap_emi!$I$14:$I$21&"|"&Calculate_cap_emi!$L$14:$L$21, Calculate_cap_emi!$BB$14:$BB$21, "Not found", 0),"Missing")} -> 335.21035 | T56: {=_xlfn.SWITCH(F56,"R",_xlfn.XLOOKUP(E56&"|"&B56, Calculate_cap_emi!$I$14:$I$21&"|"&Calculate_cap_emi!$L$14:$L$21, Calculate_cap_emi!$BE$14:$BE$21, "Not found", 0),"Rb",_xlfn.XLOOKUP(E56&"|"&B56, Calculate_cap_emi!$I$14:$I$21&"|"&Calculate_cap_emi!$L$14:$L$21, Calculate_cap_emi!$BG$14:$BG$21, "Not found", 0),"Rl",_xlfn.XLOOKUP(E56&"|"&B56, Calculate_cap_emi!$I$14:$I$21&"|"&Calculate_cap_emi!$L$14:$L$21, Calculate_cap_emi!$BH$14:$BH$21, "Not found", 0),"HP",_xlfn.XLOOKUP(E56&"|"&B56, Calculate_cap_emi!$I$14:$I$21&"|"&Calculate_cap_emi!$L$14:$L$21, Calculate_cap_emi!$BF$14:$BF$21, "Not found", 0),"HPl",_xlfn.XLOOKUP(E56&"|"&B56, Calculate_cap_emi!$I$14:$I$21&"|"&Calculate_cap_emi!$L$14:$L$21, Calculate_cap_emi!$BI$14:$BI$21, "Not found", 0),"Missing")} -> 1912.7035 | U56: {=_xlfn.SWITCH(F56,"R",_xlfn.XLOOKUP(E56&"|"&B56, Calculate_cap_emi_sens!$I$14:$I$21&"|"&Calculate_cap_emi_sens!$L$14:$L$21, Calculate_cap_emi_sens!$AX$14:$AX$21, "Not found", 0),"Rb",_xlfn.XLOOKUP(E56&"|"&B56, Calculate_cap_emi_sens!$I$14:$I$21&"|"&Calculate_cap_emi_sens!$L$14:$L$21, Calculate_cap_emi_sens!$AZ$14:$AZ$21, "Not found", 0),"Rl",_xlfn.XLOOKUP(E56&"|"&B56, Calculate_cap_emi_sens!$I$14:$I$21&"|"&Calculate_cap_emi_sens!$L$14:$L$21, Calculate_cap_emi_sens!$BA$14:$BA$21, "Not found", 0),"HP",_xlfn.XLOOKUP(E56&"|"&B56, Calculate_cap_emi_sens!$I$14:$I$21&"|"&Calculate_cap_emi_sens!$L$14:$L$21, Calculate_cap_emi_sens!$AY$14:$AY$21, "Not found", 0),"HPl",_xlfn.XLOOKUP(E56&"|"&B56, Calculate_cap_emi_sens!$I$14:$I$21&"|"&Calculate_cap_emi_sens!$L$14:$L$21, Calculate_cap_emi_sens!$BB$14:$BB$21, "Not found", 0),"Missing")} -> 104.24762 | V56: {=_xlfn.SWITCH(F56,"R",_xlfn.XLOOKUP(E56&"|"&B56, Calculate_cap_emi_sens!$I$14:$I$21&"|"&Calculate_cap_emi_sens!$L$14:$L$21, Calculate_cap_emi_sens!$BE$14:$BE$21, "Not found", 0),"Rb",_xlfn.XLOOKUP(E56&"|"&B56, Calculate_cap_emi_sens!$I$14:$I$21&"|"&Calculate_cap_emi_sens!$L$14:$L$21, Calculate_cap_emi_sens!$BG$14:$BG$21, "Not found", 0),"Rl",_xlfn.XLOOKUP(E56&"|"&B56, Calculate_cap_emi_sens!$I$14:$I$21&"|"&Calculate_cap_emi_sens!$L$14:$L$21, Calculate_cap_emi_sens!$BH$14:$BH$21, "Not found", 0),"HP",_xlfn.XLOOKUP(E56&"|"&B56, Calculate_cap_emi_sens!$I$14:$I$21&"|"&Calculate_cap_emi_sens!$L$14:$L$21, Calculate_cap_emi_sens!$BF$14:$BF$21, "Not found", 0),"HPl",_xlfn.XLOOKUP(E56&"|"&B56, Calculate_cap_emi_sens!$I$14:$I$21&"|"&Calculate_cap_emi_sens!$L$14:$L$21, Calculate_cap_emi_sens!$BI$14:$BI$21, "Not found", 0),"Missing")} -> 676.76418 | W56: =Results_proc_ener!L56 -> 46517.161 | X56: =Results_proc_ener!M56 -> 0 | Y56: =Results_proc_ener!N56 -> 0 | Z56: =Results_proc_ener!O56 -> 0 | AA56: =Results_proc_ener!P56 -> 0 | AB56: =Results_proc_ener!Q56 -> 809.13515 | AC56: =Results_proc_ener!R56 -> 1997.2898 | AD56: =Results_proc_ener!S56 -> 10953.396 | AE56: =Results_proc_ener!T56 -> 11241.146
A57: Mod-H1-Ideal | B57: =_xlfn.TEXTBEFORE(A57, "-", 2) -> Mod-H1 | C57: =_xlfn.TEXTBEFORE(A57, "-", 1) -> Mod | D57: =_xlfn.TEXTAFTER(B57, "-", 1) -> H1 | E57: AK | F57: HP | H57: {=_xlfn.SWITCH(F57,"HP",_xlfn.XLOOKUP(E57&"|"&B57, Calculate_cap_emi!$I$14:$I$21&"|"&Calculate_cap_emi!$L$14:$L$21, Calculate_cap_emi!$X$14:$X$21, "Not found", 0),"HPl",_xlfn.XLOOKUP(E57&"|"&B57, Calculate_cap_emi!$I$14:$I$21&"|"&Calculate_cap_emi!$L$14:$L$21, Calculate_cap_emi!$AA$14:$AA$21, "Not found", 0),)} -> 6.5 | L57: {=_xlfn.SWITCH(F57,"R",_xlfn.XLOOKUP(E57&"|"&B57, Calculate_cap_emi!$I$14:$I$21&"|"&Calculate_cap_emi!$L$14:$L$21, Calculate_cap_emi!$AC$14:$AC$21, "Not found", 0),"Rb",_xlfn.XLOOKUP(E57&"|"&B57, Calculate_cap_emi!$I$14:$I$21&"|"&Calculate_cap_emi!$L$14:$L$21, Calculate_cap_emi!$AE$14:$AE$21, "Not found", 0),"Rl",_xlfn.XLOOKUP(E57&"|"&B57, Calculate_cap_emi!$I$14:$I$21&"|"&Calculate_cap_emi!$L$14:$L$21, Calculate_cap_emi!$AF$14:$AF$21, "Not found", 0),"HP",_xlfn.XLOOKUP(E57&"|"&B57, Calculate_cap_emi!$I$14:$I$21&"|"&Calculate_cap_emi!$L$14:$L$21, Calculate_cap_emi!$AD$14:$AD$21, "Not found", 0),"HPl",_xlfn.XLOOKUP(E57&"|"&B57, Calculate_cap_emi!$I$14:$I$21&"|"&Calculate_cap_emi!$L$14:$L$21, Calculate_cap_emi!$AG$14:$AG$21, "Not found", 0),"Missing")} -> 1637.277 | Q57: {=_xlfn.SWITCH(F57,"R",_xlfn.XLOOKUP(E57&"|"&B57, Calculate_cap_emi!$I$14:$I$21&"|"&Calculate_cap_emi!$L$14:$L$21, Calculate_cap_emi!$AJ$14:$AJ$21, "Not found", 0),"Rb",_xlfn.XLOOKUP(E57&"|"&B57, Calculate_cap_emi!$I$14:$I$21&"|"&Calculate_cap_emi!$L$14:$L$21, Calculate_cap_emi!$AL$14:$AL$21, "Not found", 0),"Rl",_xlfn.XLOOKUP(E57&"|"&B57, Calculate_cap_emi!$I$14:$I$21&"|"&Calculate_cap_emi!$L$14:$L$21, Calculate_cap_emi!$AM$14:$AM$21, "Not found", 0),"HP",_xlfn.XLOOKUP(E57&"|"&B57, Calculate_cap_emi!$I$14:$I$21&"|"&Calculate_cap_emi!$L$14:$L$21, Calculate_cap_emi!$AK$14:$AK$21, "Not found", 0),"HPl",_xlfn.XLOOKUP(E57&"|"&B57, Calculate_cap_emi!$I$14:$I$21&"|"&Calculate_cap_emi!$L$14:$L$21, Calculate_cap_emi!$AN$14:$AN$21, "Not found", 0),"Missing")} -> 38.205239 | R57: {=_xlfn.SWITCH(F57,"R",_xlfn.XLOOKUP(E57&"|"&B57, Calculate_cap_emi!$I$14:$I$21&"|"&Calculate_cap_emi!$L$14:$L$21, Calculate_cap_emi!$AQ$14:$AQ$21, "Not found", 0),"Rb",_xlfn.XLOOKUP(E57&"|"&B57, Calculate_cap_emi!$I$14:$I$21&"|"&Calculate_cap_emi!$L$14:$L$21, Calculate_cap_emi!$AS$14:$AS$21, "Not found", 0),"Rl",_xlfn.XLOOKUP(E57&"|"&B57, Calculate_cap_emi!$I$14:$I$21&"|"&Calculate_cap_emi!$L$14:$L$21, Calculate_cap_emi!$AT$14:$AT$21, "Not found", 0),"HP",_xlfn.XLOOKUP(E57&"|"&B57, Calculate_cap_emi!$I$14:$I$21&"|"&Calculate_cap_emi!$L$14:$L$21, Calculate_cap_emi!$AR$14:$AR$21, "Not found", 0),"HPl",_xlfn.XLOOKUP(E57&"|"&B57, Calculate_cap_emi!$I$14:$I$21&"|"&Calculate_cap_emi!$L$14:$L$21, Calculate_cap_emi!$AU$14:$AU$21, "Not found", 0),"Missing")} -> 107.93554 | S57: {=_xlfn.SWITCH(F57,"R",_xlfn.XLOOKUP(E57&"|"&B57, Calculate_cap_emi!$I$14:$I$21&"|"&Calculate_cap_emi!$L$14:$L$21, Calculate_cap_emi!$AX$14:$AX$21, "Not found", 0),"Rb",_xlfn.XLOOKUP(E57&"|"&B57, Calculate_cap_emi!$I$14:$I$21&"|"&Calculate_cap_emi!$L$14:$L$21, Calculate_cap_emi!$AZ$14:$AZ$21, "Not found", 0),"Rl",_xlfn.XLOOKUP(E57&"|"&B57, Calculate_cap_emi!$I$14:$I$21&"|"&Calculate_cap_emi!$L$14:$L$21, Calculate_cap_emi!$BA$14:$BA$21, "Not found", 0),"HP",_xlfn.XLOOKUP(E57&"|"&B57, Calculate_cap_emi!$I$14:$I$21&"|"&Calculate_cap_emi!$L$14:$L$21, Calculate_cap_emi!$AY$14:$AY$21, "Not found", 0),"HPl",_xlfn.XLOOKUP(E57&"|"&B57, Calculate_cap_emi!$I$14:$I$21&"|"&Calculate_cap_emi!$L$14:$L$21, Calculate_cap_emi!$BB$14:$BB$21, "Not found", 0),"Missing")} -> 335.21035 | T57: {=_xlfn.SWITCH(F57,"R",_xlfn.XLOOKUP(E57&"|"&B57, Calculate_cap_emi!$I$14:$I$21&"|"&Calculate_cap_emi!$L$14:$L$21, Calculate_cap_emi!$BE$14:$BE$21, "Not found", 0),"Rb",_xlfn.XLOOKUP(E57&"|"&B57, Calculate_cap_emi!$I$14:$I$21&"|"&Calculate_cap_emi!$L$14:$L$21, Calculate_cap_emi!$BG$14:$BG$21, "Not found", 0),"Rl",_xlfn.XLOOKUP(E57&"|"&B57, Calculate_cap_emi!$I$14:$I$21&"|"&Calculate_cap_emi!$L$14:$L$21, Calculate_cap_emi!$BH$14:$BH$21, "Not found", 0),"HP",_xlfn.XLOOKUP(E57&"|"&B57, Calculate_cap_emi!$I$14:$I$21&"|"&Calculate_cap_emi!$L$14:$L$21, Calculate_cap_emi!$BF$14:$BF$21, "Not found", 0),"HPl",_xlfn.XLOOKUP(E57&"|"&B57, Calculate_cap_emi!$I$14:$I$21&"|"&Calculate_cap_emi!$L$14:$L$21, Calculate_cap_emi!$BI$14:$BI$21, "Not found", 0),"Missing")} -> 1912.7035 | U57: {=_xlfn.SWITCH(F57,"R",_xlfn.XLOOKUP(E57&"|"&B57, Calculate_cap_emi_sens!$I$14:$I$21&"|"&Calculate_cap_emi_sens!$L$14:$L$21, Calculate_cap_emi_sens!$AX$14:$AX$21, "Not found", 0),"Rb",_xlfn.XLOOKUP(E57&"|"&B57, Calculate_cap_emi_sens!$I$14:$I$21&"|"&Calculate_cap_emi_sens!$L$14:$L$21, Calculate_cap_emi_sens!$AZ$14:$AZ$21, "Not found", 0),"Rl",_xlfn.XLOOKUP(E57&"|"&B57, Calculate_cap_emi_sens!$I$14:$I$21&"|"&Calculate_cap_emi_sens!$L$14:$L$21, Calculate_cap_emi_sens!$BA$14:$BA$21, "Not found", 0),"HP",_xlfn.XLOOKUP(E57&"|"&B57, Calculate_cap_emi_sens!$I$14:$I$21&"|"&Calculate_cap_emi_sens!$L$14:$L$21, Calculate_cap_emi_sens!$AY$14:$AY$21, "Not found", 0),"HPl",_xlfn.XLOOKUP(E57&"|"&B57, Calculate_cap_emi_sens!$I$14:$I$21&"|"&Calculate_cap_emi_sens!$L$14:$L$21, Calculate_cap_emi_sens!$BB$14:$BB$21, "Not found", 0),"Missing")} -> 104.24762 | V57: {=_xlfn.SWITCH(F57,"R",_xlfn.XLOOKUP(E57&"|"&B57, Calculate_cap_emi_sens!$I$14:$I$21&"|"&Calculate_cap_emi_sens!$L$14:$L$21, Calculate_cap_emi_sens!$BE$14:$BE$21, "Not found", 0),"Rb",_xlfn.XLOOKUP(E57&"|"&B57, Calculate_cap_emi_sens!$I$14:$I$21&"|"&Calculate_cap_emi_sens!$L$14:$L$21, Calculate_cap_emi_sens!$BG$14:$BG$21, "Not found", 0),"Rl",_xlfn.XLOOKUP(E57&"|"&B57, Calculate_cap_emi_sens!$I$14:$I$21&"|"&Calculate_cap_emi_sens!$L$14:$L$21, Calculate_cap_emi_sens!$BH$14:$BH$21, "Not found", 0),"HP",_xlfn.XLOOKUP(E57&"|"&B57, Calculate_cap_emi_sens!$I$14:$I$21&"|"&Calculate_cap_emi_sens!$L$14:$L$21, Calculate_cap_emi_sens!$BF$14:$BF$21, "Not found", 0),"HPl",_xlfn.XLOOKUP(E57&"|"&B57, Calculate_cap_emi_sens!$I$14:$I$21&"|"&Calculate_cap_emi_sens!$L$14:$L$21, Calculate_cap_emi_sens!$BI$14:$BI$21, "Not found", 0),"Missing")} -> 676.76418 | W57: =Results_proc_ener!L57 -> 46517.161 | X57: =Results_proc_ener!M57 -> 0 | Y57: =Results_proc_ener!N57 -> 0 | Z57: =Results_proc_ener!O57 -> 0 | AA57: =Results_proc_ener!P57 -> 0 | AB57: =Results_proc_ener!Q57 -> 809.13515 | AC57: =Results_proc_ener!R57 -> 1997.2898 | AD57: =Results_proc_ener!S57 -> 10953.396 | AE57: =Results_proc_ener!T57 -> 11241.146
A58: Mass-Nom-Real | B58: =_xlfn.TEXTBEFORE(A58, "-", 2) -> Mass-Nom | C58: =_xlfn.TEXTBEFORE(A58, "-", 1) -> Mass | D58: =_xlfn.TEXTAFTER(B58, "-", 1) -> Nom | E58: CH | F58: HP | H58: {=_xlfn.SWITCH(F58,"HP",_xlfn.XLOOKUP(E58&"|"&B58, Calculate_cap_emi!$I$14:$I$21&"|"&Calculate_cap_emi!$L$14:$L$21, Calculate_cap_emi!$X$14:$X$21, "Not found", 0),"HPl",_xlfn.XLOOKUP(E58&"|"&B58, Calculate_cap_emi!$I$14:$I$21&"|"&Calculate_cap_emi!$L$14:$L$21, Calculate_cap_emi!$AA$14:$AA$21, "Not found", 0),)} -> 15.5 | L58: {=_xlfn.SWITCH(F58,"R",_xlfn.XLOOKUP(E58&"|"&B58, Calculate_cap_emi!$I$14:$I$21&"|"&Calculate_cap_emi!$L$14:$L$21, Calculate_cap_emi!$AC$14:$AC$21, "Not found", 0),"Rb",_xlfn.XLOOKUP(E58&"|"&B58, Calculate_cap_emi!$I$14:$I$21&"|"&Calculate_cap_emi!$L$14:$L$21, Calculate_cap_emi!$AE$14:$AE$21, "Not found", 0),"Rl",_xlfn.XLOOKUP(E58&"|"&B58, Calculate_cap_emi!$I$14:$I$21&"|"&Calculate_cap_emi!$L$14:$L$21, Calculate_cap_emi!$AF$14:$AF$21, "Not found", 0),"HP",_xlfn.XLOOKUP(E58&"|"&B58, Calculate_cap_emi!$I$14:$I$21&"|"&Calculate_cap_emi!$L$14:$L$21, Calculate_cap_emi!$AD$14:$AD$21, "Not found", 0),"HPl",_xlfn.XLOOKUP(E58&"|"&B58, Calculate_cap_emi!$I$14:$I$21&"|"&Calculate_cap_emi!$L$14:$L$21, Calculate_cap_emi!$AG$14:$AG$21, "Not found", 0),"Missing")} -> 2011.6823 | Q58: {=_xlfn.SWITCH(F58,"R",_xlfn.XLOOKUP(E58&"|"&B58, Calculate_cap_emi!$I$14:$I$21&"|"&Calculate_cap_emi!$L$14:$L$21, Calculate_cap_emi!$AJ$14:$AJ$21, "Not found", 0),"Rb",_xlfn.XLOOKUP(E58&"|"&B58, Calculate_cap_emi!$I$14:$I$21&"|"&Calculate_cap_emi!$L$14:$L$21, Calculate_cap_emi!$AL$14:$AL$21, "Not found", 0),"Rl",_xlfn.XLOOKUP(E58&"|"&B58, Calculate_cap_emi!$I$14:$I$21&"|"&Calculate_cap_emi!$L$14:$L$21, Calculate_cap_emi!$AM$14:$AM$21, "Not found", 0),"HP",_xlfn.XLOOKUP(E58&"|"&B58, Calculate_cap_emi!$I$14:$I$21&"|"&Calculate_cap_emi!$L$14:$L$21, Calculate_cap_emi!$AK$14:$AK$21, "Not found", 0),"HPl",_xlfn.XLOOKUP(E58&"|"&B58, Calculate_cap_emi!$I$14:$I$21&"|"&Calculate_cap_emi!$L$14:$L$21, Calculate_cap_emi!$AN$14:$AN$21, "Not found", 0),"Missing")} -> 51.025737 | R58: {=_xlfn.SWITCH(F58,"R",_xlfn.XLOOKUP(E58&"|"&B58, Calculate_cap_emi!$I$14:$I$21&"|"&Calculate_cap_emi!$L$14:$L$21, Calculate_cap_emi!$AQ$14:$AQ$21, "Not found", 0),"Rb",_xlfn.XLOOKUP(E58&"|"&B58, Calculate_cap_emi!$I$14:$I$21&"|"&Calculate_cap_emi!$L$14:$L$21, Calculate_cap_emi!$AS$14:$AS$21, "Not found", 0),"Rl",_xlfn.XLOOKUP(E58&"|"&B58, Calculate_cap_emi!$I$14:$I$21&"|"&Calculate_cap_emi!$L$14:$L$21, Calculate_cap_emi!$AT$14:$AT$21, "Not found", 0),"HP",_xlfn.XLOOKUP(E58&"|"&B58, Calculate_cap_emi!$I$14:$I$21&"|"&Calculate_cap_emi!$L$14:$L$21, Calculate_cap_emi!$AR$14:$AR$21, "Not found", 0),"HPl",_xlfn.XLOOKUP(E58&"|"&B58, Calculate_cap_emi!$I$14:$I$21&"|"&Calculate_cap_emi!$L$14:$L$21, Calculate_cap_emi!$AU$14:$AU$21, "Not found", 0),"Missing")} -> 123.72561 | S58: {=_xlfn.SWITCH(F58,"R",_xlfn.XLOOKUP(E58&"|"&B58, Calculate_cap_emi!$I$14:$I$21&"|"&Calculate_cap_emi!$L$14:$L$21, Calculate_cap_emi!$AX$14:$AX$21, "Not found", 0),"Rb",_xlfn.XLOOKUP(E58&"|"&B58, Calculate_cap_emi!$I$14:$I$21&"|"&Calculate_cap_emi!$L$14:$L$21, Calculate_cap_emi!$AZ$14:$AZ$21, "Not found", 0),"Rl",_xlfn.XLOOKUP(E58&"|"&B58, Calculate_cap_emi!$I$14:$I$21&"|"&Calculate_cap_emi!$L$14:$L$21, Calculate_cap_emi!$BA$14:$BA$21, "Not found", 0),"HP",_xlfn.XLOOKUP(E58&"|"&B58, Calculate_cap_emi!$I$14:$I$21&"|"&Calculate_cap_emi!$L$14:$L$21, Calculate_cap_emi!$AY$14:$AY$21, "Not found", 0),"HPl",_xlfn.XLOOKUP(E58&"|"&B58, Calculate_cap_emi!$I$14:$I$21&"|"&Calculate_cap_emi!$L$14:$L$21, Calculate_cap_emi!$BB$14:$BB$21, "Not found", 0),"Missing")} -> 517.20851 | T58: {=_xlfn.SWITCH(F58,"R",_xlfn.XLOOKUP(E58&"|"&B58, Calculate_cap_emi!$I$14:$I$21&"|"&Calculate_cap_emi!$L$14:$L$21, Calculate_cap_emi!$BE$14:$BE$21, "Not found", 0),"Rb",_xlfn.XLOOKUP(E58&"|"&B58, Calculate_cap_emi!$I$14:$I$21&"|"&Calculate_cap_emi!$L$14:$L$21, Calculate_cap_emi!$BG$14:$BG$21, "Not found", 0),"Rl",_xlfn.XLOOKUP(E58&"|"&B58, Calculate_cap_emi!$I$14:$I$21&"|"&Calculate_cap_emi!$L$14:$L$21, Calculate_cap_emi!$BH$14:$BH$21, "Not found", 0),"HP",_xlfn.XLOOKUP(E58&"|"&B58, Calculate_cap_emi!$I$14:$I$21&"|"&Calculate_cap_emi!$L$14:$L$21, Calculate_cap_emi!$BF$14:$BF$21, "Not found", 0),"HPl",_xlfn.XLOOKUP(E58&"|"&B58, Calculate_cap_emi!$I$14:$I$21&"|"&Calculate_cap_emi!$L$14:$L$21, Calculate_cap_emi!$BI$14:$BI$21, "Not found", 0),"Missing")} -> 1648.0643 | U58: {=_xlfn.SWITCH(F58,"R",_xlfn.XLOOKUP(E58&"|"&B58, Calculate_cap_emi_sens!$I$14:$I$21&"|"&Calculate_cap_emi_sens!$L$14:$L$21, Calculate_cap_emi_sens!$AX$14:$AX$21, "Not found", 0),"Rb",_xlfn.XLOOKUP(E58&"|"&B58, Calculate_cap_emi_sens!$I$14:$I$21&"|"&Calculate_cap_emi_sens!$L$14:$L$21, Calculate_cap_emi_sens!$AZ$14:$AZ$21, "Not found", 0),"Rl",_xlfn.XLOOKUP(E58&"|"&B58, Calculate_cap_emi_sens!$I$14:$I$21&"|"&Calculate_cap_emi_sens!$L$14:$L$21, Calculate_cap_emi_sens!$BA$14:$BA$21, "Not found", 0),"HP",_xlfn.XLOOKUP(E58&"|"&B58, Calculate_cap_emi_sens!$I$14:$I$21&"|"&Calculate_cap_emi_sens!$L$14:$L$21, Calculate_cap_emi_sens!$AY$14:$AY$21, "Not found", 0),"HPl",_xlfn.XLOOKUP(E58&"|"&B58, Calculate_cap_emi_sens!$I$14:$I$21&"|"&Calculate_cap_emi_sens!$L$14:$L$21, Calculate_cap_emi_sens!$BB$14:$BB$21, "Not found", 0),"Missing")} -> 340.38572 | V58: {=_xlfn.SWITCH(F58,"R",_xlfn.XLOOKUP(E58&"|"&B58, Calculate_cap_emi_sens!$I$14:$I$21&"|"&Calculate_cap_emi_sens!$L$14:$L$21, Calculate_cap_emi_sens!$BE$14:$BE$21, "Not found", 0),"Rb",_xlfn.XLOOKUP(E58&"|"&B58, Calculate_cap_emi_sens!$I$14:$I$21&"|"&Calculate_cap_emi_sens!$L$14:$L$21, Calculate_cap_emi_sens!$BG$14:$BG$21, "Not found", 0),"Rl",_xlfn.XLOOKUP(E58&"|"&B58, Calculate_cap_emi_sens!$I$14:$I$21&"|"&Calculate_cap_emi_sens!$L$14:$L$21, Calculate_cap_emi_sens!$BH$14:$BH$21, "Not found", 0),"HP",_xlfn.XLOOKUP(E58&"|"&B58, Calculate_cap_emi_sens!$I$14:$I$21&"|"&Calculate_cap_emi_sens!$L$14:$L$21, Calculate_cap_emi_sens!$BF$14:$BF$21, "Not found", 0),"HPl",_xlfn.XLOOKUP(E58&"|"&B58, Calculate_cap_emi_sens!$I$14:$I$21&"|"&Calculate_cap_emi_sens!$L$14:$L$21, Calculate_cap_emi_sens!$BI$14:$BI$21, "Not found", 0),"Missing")} -> 591.247 | W58: =Results_proc_ener!L58 -> 50797.805 | X58: =Results_proc_ener!M58 -> 0 | Y58: =Results_proc_ener!N58 -> 0 | Z58: =Results_proc_ener!O58 -> 0 | AA58: =Results_proc_ener!P58 -> 0 | AB58: =Results_proc_ener!Q58 -> 1080.6559 | AC58: =Results_proc_ener!R58 -> 1890.2807 | AD58: =Results_proc_ener!S58 -> 15405.867 | AE58: =Results_proc_ener!T58 -> 8767.0387
A59: Mass-Nom-Ideal | B59: =_xlfn.TEXTBEFORE(A59, "-", 2) -> Mass-Nom | C59: =_xlfn.TEXTBEFORE(A59, "-", 1) -> Mass | D59: =_xlfn.TEXTAFTER(B59, "-", 1) -> Nom | E59: CH | F59: HP | H59: {=_xlfn.SWITCH(F59,"HP",_xlfn.XLOOKUP(E59&"|"&B59, Calculate_cap_emi!$I$14:$I$21&"|"&Calculate_cap_emi!$L$14:$L$21, Calculate_cap_emi!$X$14:$X$21, "Not found", 0),"HPl",_xlfn.XLOOKUP(E59&"|"&B59, Calculate_cap_emi!$I$14:$I$21&"|"&Calculate_cap_emi!$L$14:$L$21, Calculate_cap_emi!$AA$14:$AA$21, "Not found", 0),)} -> 15.5 | L59: {=_xlfn.SWITCH(F59,"R",_xlfn.XLOOKUP(E59&"|"&B59, Calculate_cap_emi!$I$14:$I$21&"|"&Calculate_cap_emi!$L$14:$L$21, Calculate_cap_emi!$AC$14:$AC$21, "Not found", 0),"Rb",_xlfn.XLOOKUP(E59&"|"&B59, Calculate_cap_emi!$I$14:$I$21&"|"&Calculate_cap_emi!$L$14:$L$21, Calculate_cap_emi!$AE$14:$AE$21, "Not found", 0),"Rl",_xlfn.XLOOKUP(E59&"|"&B59, Calculate_cap_emi!$I$14:$I$21&"|"&Calculate_cap_emi!$L$14:$L$21, Calculate_cap_emi!$AF$14:$AF$21, "Not found", 0),"HP",_xlfn.XLOOKUP(E59&"|"&B59, Calculate_cap_emi!$I$14:$I$21&"|"&Calculate_cap_emi!$L$14:$L$21, Calculate_cap_emi!$AD$14:$AD$21, "Not found", 0),"HPl",_xlfn.XLOOKUP(E59&"|"&B59, Calculate_cap_emi!$I$14:$I$21&"|"&Calculate_cap_emi!$L$14:$L$21, Calculate_cap_emi!$AG$14:$AG$21, "Not found", 0),"Missing")} -> 2011.6823 | Q59: {=_xlfn.SWITCH(F59,"R",_xlfn.XLOOKUP(E59&"|"&B59, Calculate_cap_emi!$I$14:$I$21&"|"&Calculate_cap_emi!$L$14:$L$21, Calculate_cap_emi!$AJ$14:$AJ$21, "Not found", 0),"Rb",_xlfn.XLOOKUP(E59&"|"&B59, Calculate_cap_emi!$I$14:$I$21&"|"&Calculate_cap_emi!$L$14:$L$21, Calculate_cap_emi!$AL$14:$AL$21, "Not found", 0),"Rl",_xlfn.XLOOKUP(E59&"|"&B59, Calculate_cap_emi!$I$14:$I$21&"|"&Calculate_cap_emi!$L$14:$L$21, Calculate_cap_emi!$AM$14:$AM$21, "Not found", 0),"HP",_xlfn.XLOOKUP(E59&"|"&B59, Calculate_cap_emi!$I$14:$I$21&"|"&Calculate_cap_emi!$L$14:$L$21, Calculate_cap_emi!$AK$14:$AK$21, "Not found", 0),"HPl",_xlfn.XLOOKUP(E59&"|"&B59, Calculate_cap_emi!$I$14:$I$21&"|"&Calculate_cap_emi!$L$14:$L$21, Calculate_cap_emi!$AN$14:$AN$21, "Not found", 0),"Missing")} -> 51.025737 | R59: {=_xlfn.SWITCH(F59,"R",_xlfn.XLOOKUP(E59&"|"&B59, Calculate_cap_emi!$I$14:$I$21&"|"&Calculate_cap_emi!$L$14:$L$21, Calculate_cap_emi!$AQ$14:$AQ$21, "Not found", 0),"Rb",_xlfn.XLOOKUP(E59&"|"&B59, Calculate_cap_emi!$I$14:$I$21&"|"&Calculate_cap_emi!$L$14:$L$21, Calculate_cap_emi!$AS$14:$AS$21, "Not found", 0),"Rl",_xlfn.XLOOKUP(E59&"|"&B59, Calculate_cap_emi!$I$14:$I$21&"|"&Calculate_cap_emi!$L$14:$L$21, Calculate_cap_emi!$AT$14:$AT$21, "Not found", 0),"HP",_xlfn.XLOOKUP(E59&"|"&B59, Calculate_cap_emi!$I$14:$I$21&"|"&Calculate_cap_emi!$L$14:$L$21, Calculate_cap_emi!$AR$14:$AR$21, "Not found", 0),"HPl",_xlfn.XLOOKUP(E59&"|"&B59, Calculate_cap_emi!$I$14:$I$21&"|"&Calculate_cap_emi!$L$14:$L$21, Calculate_cap_emi!$AU$14:$AU$21, "Not found", 0),"Missing")} -> 123.72561 | S59: {=_xlfn.SWITCH(F59,"R",_xlfn.XLOOKUP(E59&"|"&B59, Calculate_cap_emi!$I$14:$I$21&"|"&Calculate_cap_emi!$L$14:$L$21, Calculate_cap_emi!$AX$14:$AX$21, "Not found", 0),"Rb",_xlfn.XLOOKUP(E59&"|"&B59, Calculate_cap_emi!$I$14:$I$21&"|"&Calculate_cap_emi!$L$14:$L$21, Calculate_cap_emi!$AZ$14:$AZ$21, "Not found", 0),"Rl",_xlfn.XLOOKUP(E59&"|"&B59, Calculate_cap_emi!$I$14:$I$21&"|"&Calculate_cap_emi!$L$14:$L$21, Calculate_cap_emi!$BA$14:$BA$21, "Not found", 0),"HP",_xlfn.XLOOKUP(E59&"|"&B59, Calculate_cap_emi!$I$14:$I$21&"|"&Calculate_cap_emi!$L$14:$L$21, Calculate_cap_emi!$AY$14:$AY$21, "Not found", 0),"HPl",_xlfn.XLOOKUP(E59&"|"&B59, Calculate_cap_emi!$I$14:$I$21&"|"&Calculate_cap_emi!$L$14:$L$21, Calculate_cap_emi!$BB$14:$BB$21, "Not found", 0),"Missing")} -> 517.20851 | T59: {=_xlfn.SWITCH(F59,"R",_xlfn.XLOOKUP(E59&"|"&B59, Calculate_cap_emi!$I$14:$I$21&"|"&Calculate_cap_emi!$L$14:$L$21, Calculate_cap_emi!$BE$14:$BE$21, "Not found", 0),"Rb",_xlfn.XLOOKUP(E59&"|"&B59, Calculate_cap_emi!$I$14:$I$21&"|"&Calculate_cap_emi!$L$14:$L$21, Calculate_cap_emi!$BG$14:$BG$21, "Not found", 0),"Rl",_xlfn.XLOOKUP(E59&"|"&B59, Calculate_cap_emi!$I$14:$I$21&"|"&Calculate_cap_emi!$L$14:$L$21, Calculate_cap_emi!$BH$14:$BH$21, "Not found", 0),"HP",_xlfn.XLOOKUP(E59&"|"&B59, Calculate_cap_emi!$I$14:$I$21&"|"&Calculate_cap_emi!$L$14:$L$21, Calculate_cap_emi!$BF$14:$BF$21, "Not found", 0),"HPl",_xlfn.XLOOKUP(E59&"|"&B59, Calculate_cap_emi!$I$14:$I$21&"|"&Calculate_cap_emi!$L$14:$L$21, Calculate_cap_emi!$BI$14:$BI$21, "Not found", 0),"Missing")} -> 1648.0643 | U59: {=_xlfn.SWITCH(F59,"R",_xlfn.XLOOKUP(E59&"|"&B59, Calculate_cap_emi_sens!$I$14:$I$21&"|"&Calculate_cap_emi_sens!$L$14:$L$21, Calculate_cap_emi_sens!$AX$14:$AX$21, "Not found", 0),"Rb",_xlfn.XLOOKUP(E59&"|"&B59, Calculate_cap_emi_sens!$I$14:$I$21&"|"&Calculate_cap_emi_sens!$L$14:$L$21, Calculate_cap_emi_sens!$AZ$14:$AZ$21, "Not found", 0),"Rl",_xlfn.XLOOKUP(E59&"|"&B59, Calculate_cap_emi_sens!$I$14:$I$21&"|"&Calculate_cap_emi_sens!$L$14:$L$21, Calculate_cap_emi_sens!$BA$14:$BA$21, "Not found", 0),"HP",_xlfn.XLOOKUP(E59&"|"&B59, Calculate_cap_emi_sens!$I$14:$I$21&"|"&Calculate_cap_emi_sens!$L$14:$L$21, Calculate_cap_emi_sens!$AY$14:$AY$21, "Not found", 0),"HPl",_xlfn.XLOOKUP(E59&"|"&B59, Calculate_cap_emi_sens!$I$14:$I$21&"|"&Calculate_cap_emi_sens!$L$14:$L$21, Calculate_cap_emi_sens!$BB$14:$BB$21, "Not found", 0),"Missing")} -> 340.38572 | V59: {=_xlfn.SWITCH(F59,"R",_xlfn.XLOOKUP(E59&"|"&B59, Calculate_cap_emi_sens!$I$14:$I$21&"|"&Calculate_cap_emi_sens!$L$14:$L$21, Calculate_cap_emi_sens!$BE$14:$BE$21, "Not found", 0),"Rb",_xlfn.XLOOKUP(E59&"|"&B59, Calculate_cap_emi_sens!$I$14:$I$21&"|"&Calculate_cap_emi_sens!$L$14:$L$21, Calculate_cap_emi_sens!$BG$14:$BG$21, "Not found", 0),"Rl",_xlfn.XLOOKUP(E59&"|"&B59, Calculate_cap_emi_sens!$I$14:$I$21&"|"&Calculate_cap_emi_sens!$L$14:$L$21, Calculate_cap_emi_sens!$BH$14:$BH$21, "Not found", 0),"HP",_xlfn.XLOOKUP(E59&"|"&B59, Calculate_cap_emi_sens!$I$14:$I$21&"|"&Calculate_cap_emi_sens!$L$14:$L$21, Calculate_cap_emi_sens!$BF$14:$BF$21, "Not found", 0),"HPl",_xlfn.XLOOKUP(E59&"|"&B59, Calculate_cap_emi_sens!$I$14:$I$21&"|"&Calculate_cap_emi_sens!$L$14:$L$21, Calculate_cap_emi_sens!$BI$14:$BI$21, "Not found", 0),"Missing")} -> 591.247 | W59: =Results_proc_ener!L59 -> 50797.805 | X59: =Results_proc_ener!M59 -> 0 | Y59: =Results_proc_ener!N59 -> 0 | Z59: =Results_proc_ener!O59 -> 0 | AA59: =Results_proc_ener!P59 -> 0 | AB59: =Results_proc_ener!Q59 -> 1080.6559 | AC59: =Results_proc_ener!R59 -> 1890.2807 | AD59: =Results_proc_ener!S59 -> 15405.867 | AE59: =Results_proc_ener!T59 -> 8767.0387
A60: Mass-H1-Real | B60: =_xlfn.TEXTBEFORE(A60, "-", 2) -> Mass-H1 | C60: =_xlfn.TEXTBEFORE(A60, "-", 1) -> Mass | D60: =_xlfn.TEXTAFTER(B60, "-", 1) -> H1 | E60: CH | F60: HP | H60: {=_xlfn.SWITCH(F60,"HP",_xlfn.XLOOKUP(E60&"|"&B60, Calculate_cap_emi!$I$14:$I$21&"|"&Calculate_cap_emi!$L$14:$L$21, Calculate_cap_emi!$X$14:$X$21, "Not found", 0),"HPl",_xlfn.XLOOKUP(E60&"|"&B60, Calculate_cap_emi!$I$14:$I$21&"|"&Calculate_cap_emi!$L$14:$L$21, Calculate_cap_emi!$AA$14:$AA$21, "Not found", 0),)} -> 8 | L60: {=_xlfn.SWITCH(F60,"R",_xlfn.XLOOKUP(E60&"|"&B60, Calculate_cap_emi!$I$14:$I$21&"|"&Calculate_cap_emi!$L$14:$L$21, Calculate_cap_emi!$AC$14:$AC$21, "Not found", 0),"Rb",_xlfn.XLOOKUP(E60&"|"&B60, Calculate_cap_emi!$I$14:$I$21&"|"&Calculate_cap_emi!$L$14:$L$21, Calculate_cap_emi!$AE$14:$AE$21, "Not found", 0),"Rl",_xlfn.XLOOKUP(E60&"|"&B60, Calculate_cap_emi!$I$14:$I$21&"|"&Calculate_cap_emi!$L$14:$L$21, Calculate_cap_emi!$AF$14:$AF$21, "Not found", 0),"HP",_xlfn.XLOOKUP(E60&"|"&B60, Calculate_cap_emi!$I$14:$I$21&"|"&Calculate_cap_emi!$L$14:$L$21, Calculate_cap_emi!$AD$14:$AD$21, "Not found", 0),"HPl",_xlfn.XLOOKUP(E60&"|"&B60, Calculate_cap_emi!$I$14:$I$21&"|"&Calculate_cap_emi!$L$14:$L$21, Calculate_cap_emi!$AG$14:$AG$21, "Not found", 0),"Missing")} -> 1248.7292 | Q60: {=_xlfn.SWITCH(F60,"R",_xlfn.XLOOKUP(E60&"|"&B60, Calculate_cap_emi!$I$14:$I$21&"|"&Calculate_cap_emi!$L$14:$L$21, Calculate_cap_emi!$AJ$14:$AJ$21, "Not found", 0),"Rb",_xlfn.XLOOKUP(E60&"|"&B60, Calculate_cap_emi!$I$14:$I$21&"|"&Calculate_cap_emi!$L$14:$L$21, Calculate_cap_emi!$AL$14:$AL$21, "Not found", 0),"Rl",_xlfn.XLOOKUP(E60&"|"&B60, Calculate_cap_emi!$I$14:$I$21&"|"&Calculate_cap_emi!$L$14:$L$21, Calculate_cap_emi!$AM$14:$AM$21, "Not found", 0),"HP",_xlfn.XLOOKUP(E60&"|"&B60, Calculate_cap_emi!$I$14:$I$21&"|"&Calculate_cap_emi!$L$14:$L$21, Calculate_cap_emi!$AK$14:$AK$21, "Not found", 0),"HPl",_xlfn.XLOOKUP(E60&"|"&B60, Calculate_cap_emi!$I$14:$I$21&"|"&Calculate_cap_emi!$L$14:$L$21, Calculate_cap_emi!$AN$14:$AN$21, "Not found", 0),"Missing")} -> 28.282692 | R60: {=_xlfn.SWITCH(F60,"R",_xlfn.XLOOKUP(E60&"|"&B60, Calculate_cap_emi!$I$14:$I$21&"|"&Calculate_cap_emi!$L$14:$L$21, Calculate_cap_emi!$AQ$14:$AQ$21, "Not found", 0),"Rb",_xlfn.XLOOKUP(E60&"|"&B60, Calculate_cap_emi!$I$14:$I$21&"|"&Calculate_cap_emi!$L$14:$L$21, Calculate_cap_emi!$AS$14:$AS$21, "Not found", 0),"Rl",_xlfn.XLOOKUP(E60&"|"&B60, Calculate_cap_emi!$I$14:$I$21&"|"&Calculate_cap_emi!$L$14:$L$21, Calculate_cap_emi!$AT$14:$AT$21, "Not found", 0),"HP",_xlfn.XLOOKUP(E60&"|"&B60, Calculate_cap_emi!$I$14:$I$21&"|"&Calculate_cap_emi!$L$14:$L$21, Calculate_cap_emi!$AR$14:$AR$21, "Not found", 0),"HPl",_xlfn.XLOOKUP(E60&"|"&B60, Calculate_cap_emi!$I$14:$I$21&"|"&Calculate_cap_emi!$L$14:$L$21, Calculate_cap_emi!$AU$14:$AU$21, "Not found", 0),"Missing")} -> 81.111503 | S60: {=_xlfn.SWITCH(F60,"R",_xlfn.XLOOKUP(E60&"|"&B60, Calculate_cap_emi!$I$14:$I$21&"|"&Calculate_cap_emi!$L$14:$L$21, Calculate_cap_emi!$AX$14:$AX$21, "Not found", 0),"Rb",_xlfn.XLOOKUP(E60&"|"&B60, Calculate_cap_emi!$I$14:$I$21&"|"&Calculate_cap_emi!$L$14:$L$21, Calculate_cap_emi!$AZ$14:$AZ$21, "Not found", 0),"Rl",_xlfn.XLOOKUP(E60&"|"&B60, Calculate_cap_emi!$I$14:$I$21&"|"&Calculate_cap_emi!$L$14:$L$21, Calculate_cap_emi!$BA$14:$BA$21, "Not found", 0),"HP",_xlfn.XLOOKUP(E60&"|"&B60, Calculate_cap_emi!$I$14:$I$21&"|"&Calculate_cap_emi!$L$14:$L$21, Calculate_cap_emi!$AY$14:$AY$21, "Not found", 0),"HPl",_xlfn.XLOOKUP(E60&"|"&B60, Calculate_cap_emi!$I$14:$I$21&"|"&Calculate_cap_emi!$L$14:$L$21, Calculate_cap_emi!$BB$14:$BB$21, "Not found", 0),"Missing")} -> 246.49026 | T60: {=_xlfn.SWITCH(F60,"R",_xlfn.XLOOKUP(E60&"|"&B60, Calculate_cap_emi!$I$14:$I$21&"|"&Calculate_cap_emi!$L$14:$L$21, Calculate_cap_emi!$BE$14:$BE$21, "Not found", 0),"Rb",_xlfn.XLOOKUP(E60&"|"&B60, Calculate_cap_emi!$I$14:$I$21&"|"&Calculate_cap_emi!$L$14:$L$21, Calculate_cap_emi!$BG$14:$BG$21, "Not found", 0),"Rl",_xlfn.XLOOKUP(E60&"|"&B60, Calculate_cap_emi!$I$14:$I$21&"|"&Calculate_cap_emi!$L$14:$L$21, Calculate_cap_emi!$BH$14:$BH$21, "Not found", 0),"HP",_xlfn.XLOOKUP(E60&"|"&B60, Calculate_cap_emi!$I$14:$I$21&"|"&Calculate_cap_emi!$L$14:$L$21, Calculate_cap_emi!$BF$14:$BF$21, "Not found", 0),"HPl",_xlfn.XLOOKUP(E60&"|"&B60, Calculate_cap_emi!$I$14:$I$21&"|"&Calculate_cap_emi!$L$14:$L$21, Calculate_cap_emi!$BI$14:$BI$21, "Not found", 0),"Missing")} -> 1275.7192 | U60: {=_xlfn.SWITCH(F60,"R",_xlfn.XLOOKUP(E60&"|"&B60, Calculate_cap_emi_sens!$I$14:$I$21&"|"&Calculate_cap_emi_sens!$L$14:$L$21, Calculate_cap_emi_sens!$AX$14:$AX$21, "Not found", 0),"Rb",_xlfn.XLOOKUP(E60&"|"&B60, Calculate_cap_emi_sens!$I$14:$I$21&"|"&Calculate_cap_emi_sens!$L$14:$L$21, Calculate_cap_emi_sens!$AZ$14:$AZ$21, "Not found", 0),"Rl",_xlfn.XLOOKUP(E60&"|"&B60, Calculate_cap_emi_sens!$I$14:$I$21&"|"&Calculate_cap_emi_sens!$L$14:$L$21, Calculate_cap_emi_sens!$BA$14:$BA$21, "Not found", 0),"HP",_xlfn.XLOOKUP(E60&"|"&B60, Calculate_cap_emi_sens!$I$14:$I$21&"|"&Calculate_cap_emi_sens!$L$14:$L$21, Calculate_cap_emi_sens!$AY$14:$AY$21, "Not found", 0),"HPl",_xlfn.XLOOKUP(E60&"|"&B60, Calculate_cap_emi_sens!$I$14:$I$21&"|"&Calculate_cap_emi_sens!$L$14:$L$21, Calculate_cap_emi_sens!$BB$14:$BB$21, "Not found", 0),"Missing")} -> 84.802528 | V60: {=_xlfn.SWITCH(F60,"R",_xlfn.XLOOKUP(E60&"|"&B60, Calculate_cap_emi_sens!$I$14:$I$21&"|"&Calculate_cap_emi_sens!$L$14:$L$21, Calculate_cap_emi_sens!$BE$14:$BE$21, "Not found", 0),"Rb",_xlfn.XLOOKUP(E60&"|"&B60, Calculate_cap_emi_sens!$I$14:$I$21&"|"&Calculate_cap_emi_sens!$L$14:$L$21, Calculate_cap_emi_sens!$BG$14:$BG$21, "Not found", 0),"Rl",_xlfn.XLOOKUP(E60&"|"&B60, Calculate_cap_emi_sens!$I$14:$I$21&"|"&Calculate_cap_emi_sens!$L$14:$L$21, Calculate_cap_emi_sens!$BH$14:$BH$21, "Not found", 0),"HP",_xlfn.XLOOKUP(E60&"|"&B60, Calculate_cap_emi_sens!$I$14:$I$21&"|"&Calculate_cap_emi_sens!$L$14:$L$21, Calculate_cap_emi_sens!$BF$14:$BF$21, "Not found", 0),"HPl",_xlfn.XLOOKUP(E60&"|"&B60, Calculate_cap_emi_sens!$I$14:$I$21&"|"&Calculate_cap_emi_sens!$L$14:$L$21, Calculate_cap_emi_sens!$BI$14:$BI$21, "Not found", 0),"Missing")} -> 473.48029 | W60: =Results_proc_ener!L60 -> 33081.065 | X60: =Results_proc_ener!M60 -> 0 | Y60: =Results_proc_ener!N60 -> 0 | Z60: =Results_proc_ener!O60 -> 0 | AA60: =Results_proc_ener!P60 -> 0 | AB60: =Results_proc_ener!Q60 -> 598.98906 | AC60: =Results_proc_ener!R60 -> 1446.5607 | AD60: =Results_proc_ener!S60 -> 7130.2195 | AE60: =Results_proc_ener!T60 -> 7510.5878
A61: Mass-H1-Ideal | B61: =_xlfn.TEXTBEFORE(A61, "-", 2) -> Mass-H1 | C61: =_xlfn.TEXTBEFORE(A61, "-", 1) -> Mass | D61: =_xlfn.TEXTAFTER(B61, "-", 1) -> H1 | E61: CH | F61: HP | H61: {=_xlfn.SWITCH(F61,"HP",_xlfn.XLOOKUP(E61&"|"&B61, Calculate_cap_emi!$I$14:$I$21&"|"&Calculate_cap_emi!$L$14:$L$21, Calculate_cap_emi!$X$14:$X$21, "Not found", 0),"HPl",_xlfn.XLOOKUP(E61&"|"&B61, Calculate_cap_emi!$I$14:$I$21&"|"&Calculate_cap_emi!$L$14:$L$21, Calculate_cap_emi!$AA$14:$AA$21, "Not found", 0),)} -> 8 | L61: {=_xlfn.SWITCH(F61,"R",_xlfn.XLOOKUP(E61&"|"&B61, Calculate_cap_emi!$I$14:$I$21&"|"&Calculate_cap_emi!$L$14:$L$21, Calculate_cap_emi!$AC$14:$AC$21, "Not found", 0),"Rb",_xlfn.XLOOKUP(E61&"|"&B61, Calculate_cap_emi!$I$14:$I$21&"|"&Calculate_cap_emi!$L$14:$L$21, Calculate_cap_emi!$AE$14:$AE$21, "Not found", 0),"Rl",_xlfn.XLOOKUP(E61&"|"&B61, Calculate_cap_emi!$I$14:$I$21&"|"&Calculate_cap_emi!$L$14:$L$21, Calculate_cap_emi!$AF$14:$AF$21, "Not found", 0),"HP",_xlfn.XLOOKUP(E61&"|"&B61, Calculate_cap_emi!$I$14:$I$21&"|"&Calculate_cap_emi!$L$14:$L$21, Calculate_cap_emi!$AD$14:$AD$21, "Not found", 0),"HPl",_xlfn.XLOOKUP(E61&"|"&B61, Calculate_cap_emi!$I$14:$I$21&"|"&Calculate_cap_emi!$L$14:$L$21, Calculate_cap_emi!$AG$14:$AG$21, "Not found", 0),"Missing")} -> 1248.7292 | Q61: {=_xlfn.SWITCH(F61,"R",_xlfn.XLOOKUP(E61&"|"&B61, Calculate_cap_emi!$I$14:$I$21&"|"&Calculate_cap_emi!$L$14:$L$21, Calculate_cap_emi!$AJ$14:$AJ$21, "Not found", 0),"Rb",_xlfn.XLOOKUP(E61&"|"&B61, Calculate_cap_emi!$I$14:$I$21&"|"&Calculate_cap_emi!$L$14:$L$21, Calculate_cap_emi!$AL$14:$AL$21, "Not found", 0),"Rl",_xlfn.XLOOKUP(E61&"|"&B61, Calculate_cap_emi!$I$14:$I$21&"|"&Calculate_cap_emi!$L$14:$L$21, Calculate_cap_emi!$AM$14:$AM$21, "Not found", 0),"HP",_xlfn.XLOOKUP(E61&"|"&B61, Calculate_cap_emi!$I$14:$I$21&"|"&Calculate_cap_emi!$L$14:$L$21, Calculate_cap_emi!$AK$14:$AK$21, "Not found", 0),"HPl",_xlfn.XLOOKUP(E61&"|"&B61, Calculate_cap_emi!$I$14:$I$21&"|"&Calculate_cap_emi!$L$14:$L$21, Calculate_cap_emi!$AN$14:$AN$21, "Not found", 0),"Missing")} -> 28.282692 | R61: {=_xlfn.SWITCH(F61,"R",_xlfn.XLOOKUP(E61&"|"&B61, Calculate_cap_emi!$I$14:$I$21&"|"&Calculate_cap_emi!$L$14:$L$21, Calculate_cap_emi!$AQ$14:$AQ$21, "Not found", 0),"Rb",_xlfn.XLOOKUP(E61&"|"&B61, Calculate_cap_emi!$I$14:$I$21&"|"&Calculate_cap_emi!$L$14:$L$21, Calculate_cap_emi!$AS$14:$AS$21, "Not found", 0),"Rl",_xlfn.XLOOKUP(E61&"|"&B61, Calculate_cap_emi!$I$14:$I$21&"|"&Calculate_cap_emi!$L$14:$L$21, Calculate_cap_emi!$AT$14:$AT$21, "Not found", 0),"HP",_xlfn.XLOOKUP(E61&"|"&B61, Calculate_cap_emi!$I$14:$I$21&"|"&Calculate_cap_emi!$L$14:$L$21, Calculate_cap_emi!$AR$14:$AR$21, "Not found", 0),"HPl",_xlfn.XLOOKUP(E61&"|"&B61, Calculate_cap_emi!$I$14:$I$21&"|"&Calculate_cap_emi!$L$14:$L$21, Calculate_cap_emi!$AU$14:$AU$21, "Not found", 0),"Missing")} -> 81.111503 | S61: {=_xlfn.SWITCH(F61,"R",_xlfn.XLOOKUP(E61&"|"&B61, Calculate_cap_emi!$I$14:$I$21&"|"&Calculate_cap_emi!$L$14:$L$21, Calculate_cap_emi!$AX$14:$AX$21, "Not found", 0),"Rb",_xlfn.XLOOKUP(E61&"|"&B61, Calculate_cap_emi!$I$14:$I$21&"|"&Calculate_cap_emi!$L$14:$L$21, Calculate_cap_emi!$AZ$14:$AZ$21, "Not found", 0),"Rl",_xlfn.XLOOKUP(E61&"|"&B61, Calculate_cap_emi!$I$14:$I$21&"|"&Calculate_cap_emi!$L$14:$L$21, Calculate_cap_emi!$BA$14:$BA$21, "Not found", 0),"HP",_xlfn.XLOOKUP(E61&"|"&B61, Calculate_cap_emi!$I$14:$I$21&"|"&Calculate_cap_emi!$L$14:$L$21, Calculate_cap_emi!$AY$14:$AY$21, "Not found", 0),"HPl",_xlfn.XLOOKUP(E61&"|"&B61, Calculate_cap_emi!$I$14:$I$21&"|"&Calculate_cap_emi!$L$14:$L$21, Calculate_cap_emi!$BB$14:$BB$21, "Not found", 0),"Missing")} -> 246.49026 | T61: {=_xlfn.SWITCH(F61,"R",_xlfn.XLOOKUP(E61&"|"&B61, Calculate_cap_emi!$I$14:$I$21&"|"&Calculate_cap_emi!$L$14:$L$21, Calculate_cap_emi!$BE$14:$BE$21, "Not found", 0),"Rb",_xlfn.XLOOKUP(E61&"|"&B61, Calculate_cap_emi!$I$14:$I$21&"|"&Calculate_cap_emi!$L$14:$L$21, Calculate_cap_emi!$BG$14:$BG$21, "Not found", 0),"Rl",_xlfn.XLOOKUP(E61&"|"&B61, Calculate_cap_emi!$I$14:$I$21&"|"&Calculate_cap_emi!$L$14:$L$21, Calculate_cap_emi!$BH$14:$BH$21, "Not found", 0),"HP",_xlfn.XLOOKUP(E61&"|"&B61, Calculate_cap_emi!$I$14:$I$21&"|"&Calculate_cap_emi!$L$14:$L$21, Calculate_cap_emi!$BF$14:$BF$21, "Not found", 0),"HPl",_xlfn.XLOOKUP(E61&"|"&B61, Calculate_cap_emi!$I$14:$I$21&"|"&Calculate_cap_emi!$L$14:$L$21, Calculate_cap_emi!$BI$14:$BI$21, "Not found", 0),"Missing")} -> 1275.7192 | U61: {=_xlfn.SWITCH(F61,"R",_xlfn.XLOOKUP(E61&"|"&B61, Calculate_cap_emi_sens!$I$14:$I$21&"|"&Calculate_cap_emi_sens!$L$14:$L$21, Calculate_cap_emi_sens!$AX$14:$AX$21, "Not found", 0),"Rb",_xlfn.XLOOKUP(E61&"|"&B61, Calculate_cap_emi_sens!$I$14:$I$21&"|"&Calculate_cap_emi_sens!$L$14:$L$21, Calculate_cap_emi_sens!$AZ$14:$AZ$21, "Not found", 0),"Rl",_xlfn.XLOOKUP(E61&"|"&B61, Calculate_cap_emi_sens!$I$14:$I$21&"|"&Calculate_cap_emi_sens!$L$14:$L$21, Calculate_cap_emi_sens!$BA$14:$BA$21, "Not found", 0),"HP",_xlfn.XLOOKUP(E61&"|"&B61, Calculate_cap_emi_sens!$I$14:$I$21&"|"&Calculate_cap_emi_sens!$L$14:$L$21, Calculate_cap_emi_sens!$AY$14:$AY$21, "Not found", 0),"HPl",_xlfn.XLOOKUP(E61&"|"&B61, Calculate_cap_emi_sens!$I$14:$I$21&"|"&Calculate_cap_emi_sens!$L$14:$L$21, Calculate_cap_emi_sens!$BB$14:$BB$21, "Not found", 0),"Missing")} -> 84.802528 | V61: {=_xlfn.SWITCH(F61,"R",_xlfn.XLOOKUP(E61&"|"&B61, Calculate_cap_emi_sens!$I$14:$I$21&"|"&Calculate_cap_emi_sens!$L$14:$L$21, Calculate_cap_emi_sens!$BE$14:$BE$21, "Not found", 0),"Rb",_xlfn.XLOOKUP(E61&"|"&B61, Calculate_cap_emi_sens!$I$14:$I$21&"|"&Calculate_cap_emi_sens!$L$14:$L$21, Calculate_cap_emi_sens!$BG$14:$BG$21, "Not found", 0),"Rl",_xlfn.XLOOKUP(E61&"|"&B61, Calculate_cap_emi_sens!$I$14:$I$21&"|"&Calculate_cap_emi_sens!$L$14:$L$21, Calculate_cap_emi_sens!$BH$14:$BH$21, "Not found", 0),"HP",_xlfn.XLOOKUP(E61&"|"&B61, Calculate_cap_emi_sens!$I$14:$I$21&"|"&Calculate_cap_emi_sens!$L$14:$L$21, Calculate_cap_emi_sens!$BF$14:$BF$21, "Not found", 0),"HPl",_xlfn.XLOOKUP(E61&"|"&B61, Calculate_cap_emi_sens!$I$14:$I$21&"|"&Calculate_cap_emi_sens!$L$14:$L$21, Calculate_cap_emi_sens!$BI$14:$BI$21, "Not found", 0),"Missing")} -> 473.48029 | W61: =Results_proc_ener!L61 -> 33081.065 | X61: =Results_proc_ener!M61 -> 0 | Y61: =Results_proc_ener!N61 -> 0 | Z61: =Results_proc_ener!O61 -> 0 | AA61: =Results_proc_ener!P61 -> 0 | AB61: =Results_proc_ener!Q61 -> 598.98906 | AC61: =Results_proc_ener!R61 -> 1446.5607 | AD61: =Results_proc_ener!S61 -> 7130.2195 | AE61: =Results_proc_ener!T61 -> 7510.5878
... A81: Mod-H1-Ideal | B81: =_xlfn.TEXTBEFORE(A81, "-", 2) -> Mod-H1 | C81: =_xlfn.TEXTBEFORE(A81, "-", 1) -> Mod | D81: =_xlfn.TEXTAFTER(B81, "-", 1) -> H1 | E81: CH | F81: HPl | H81: {=_xlfn.SWITCH(F81,"HP",_xlfn.XLOOKUP(E81&"|"&B81, Calculate_cap_emi!$I$14:$I$21&"|"&Calculate_cap_emi!$L$14:$L$21, Calculate_cap_emi!$X$14:$X$21, "Not found", 0),"HPl",_xlfn.XLOOKUP(E81&"|"&B81, Calculate_cap_emi!$I$14:$I$21&"|"&Calculate_cap_emi!$L$14:$L$21, Calculate_cap_emi!$AA$14:$AA$21, "Not found", 0),)} -> 7.5 | L81: {=_xlfn.SWITCH(F81,"R",_xlfn.XLOOKUP(E81&"|"&B81, Calculate_cap_emi!$I$14:$I$21&"|"&Calculate_cap_emi!$L$14:$L$21, Calculate_cap_emi!$AC$14:$AC$21, "Not found", 0),"Rb",_xlfn.XLOOKUP(E81&"|"&B81, Calculate_cap_emi!$I$14:$I$21&"|"&Calculate_cap_emi!$L$14:$L$21, Calculate_cap_emi!$AE$14:$AE$21, "Not found", 0),"Rl",_xlfn.XLOOKUP(E81&"|"&B81, Calculate_cap_emi!$I$14:$I$21&"|"&Calculate_cap_emi!$L$14:$L$21, Calculate_cap_emi!$AF$14:$AF$21, "Not found", 0),"HP",_xlfn.XLOOKUP(E81&"|"&B81, Calculate_cap_emi!$I$14:$I$21&"|"&Calculate_cap_emi!$L$14:$L$21, Calculate_cap_emi!$AD$14:$AD$21, "Not found", 0),"HPl",_xlfn.XLOOKUP(E81&"|"&B81, Calculate_cap_emi!$I$14:$I$21&"|"&Calculate_cap_emi!$L$14:$L$21, Calculate_cap_emi!$AG$14:$AG$21, "Not found", 0),"Missing")} -> 992.90743 | Q81: {=_xlfn.SWITCH(F81,"R",_xlfn.XLOOKUP(E81&"|"&B81, Calculate_cap_emi!$I$14:$I$21&"|"&Calculate_cap_emi!$L$14:$L$21, Calculate_cap_emi!$AJ$14:$AJ$21, "Not found", 0),"Rb",_xlfn.XLOOKUP(E81&"|"&B81, Calculate_cap_emi!$I$14:$I$21&"|"&Calculate_cap_emi!$L$14:$L$21, Calculate_cap_emi!$AL$14:$AL$21, "Not found", 0),"Rl",_xlfn.XLOOKUP(E81&"|"&B81, Calculate_cap_emi!$I$14:$I$21&"|"&Calculate_cap_emi!$L$14:$L$21, Calculate_cap_emi!$AM$14:$AM$21, "Not found", 0),"HP",_xlfn.XLOOKUP(E81&"|"&B81, Calculate_cap_emi!$I$14:$I$21&"|"&Calculate_cap_emi!$L$14:$L$21, Calculate_cap_emi!$AK$14:$AK$21, "Not found", 0),"HPl",_xlfn.XLOOKUP(E81&"|"&B81, Calculate_cap_emi!$I$14:$I$21&"|"&Calculate_cap_emi!$L$14:$L$21, Calculate_cap_emi!$AN$14:$AN$21, "Not found", 0),"Missing")} -> 21.697032 | R81: {=_xlfn.SWITCH(F81,"R",_xlfn.XLOOKUP(E81&"|"&B81, Calculate_cap_emi!$I$14:$I$21&"|"&Calculate_cap_emi!$L$14:$L$21, Calculate_cap_emi!$AQ$14:$AQ$21, "Not found", 0),"Rb",_xlfn.XLOOKUP(E81&"|"&B81, Calculate_cap_emi!$I$14:$I$21&"|"&Calculate_cap_emi!$L$14:$L$21, Calculate_cap_emi!$AS$14:$AS$21, "Not found", 0),"Rl",_xlfn.XLOOKUP(E81&"|"&B81, Calculate_cap_emi!$I$14:$I$21&"|"&Calculate_cap_emi!$L$14:$L$21, Calculate_cap_emi!$AT$14:$AT$21, "Not found", 0),"HP",_xlfn.XLOOKUP(E81&"|"&B81, Calculate_cap_emi!$I$14:$I$21&"|"&Calculate_cap_emi!$L$14:$L$21, Calculate_cap_emi!$AR$14:$AR$21, "Not found", 0),"HPl",_xlfn.XLOOKUP(E81&"|"&B81, Calculate_cap_emi!$I$14:$I$21&"|"&Calculate_cap_emi!$L$14:$L$21, Calculate_cap_emi!$AU$14:$AU$21, "Not found", 0),"Missing")} -> 73.361915 | S81: {=_xlfn.SWITCH(F81,"R",_xlfn.XLOOKUP(E81&"|"&B81, Calculate_cap_emi!$I$14:$I$21&"|"&Calculate_cap_emi!$L$14:$L$21, Calculate_cap_emi!$AX$14:$AX$21, "Not found", 0),"Rb",_xlfn.XLOOKUP(E81&"|"&B81, Calculate_cap_emi!$I$14:$I$21&"|"&Calculate_cap_emi!$L$14:$L$21, Calculate_cap_emi!$AZ$14:$AZ$21, "Not found", 0),"Rl",_xlfn.XLOOKUP(E81&"|"&B81, Calculate_cap_emi!$I$14:$I$21&"|"&Calculate_cap_emi!$L$14:$L$21, Calculate_cap_emi!$BA$14:$BA$21, "Not found", 0),"HP",_xlfn.XLOOKUP(E81&"|"&B81, Calculate_cap_emi!$I$14:$I$21&"|"&Calculate_cap_emi!$L$14:$L$21, Calculate_cap_emi!$AY$14:$AY$21, "Not found", 0),"HPl",_xlfn.XLOOKUP(E81&"|"&B81, Calculate_cap_emi!$I$14:$I$21&"|"&Calculate_cap_emi!$L$14:$L$21, Calculate_cap_emi!$BB$14:$BB$21, "Not found", 0),"Missing")} -> 178.29573 | T81: {=_xlfn.SWITCH(F81,"R",_xlfn.XLOOKUP(E81&"|"&B81, Calculate_cap_emi!$I$14:$I$21&"|"&Calculate_cap_emi!$L$14:$L$21, Calculate_cap_emi!$BE$14:$BE$21, "Not found", 0),"Rb",_xlfn.XLOOKUP(E81&"|"&B81, Calculate_cap_emi!$I$14:$I$21&"|"&Calculate_cap_emi!$L$14:$L$21, Calculate_cap_emi!$BG$14:$BG$21, "Not found", 0),"Rl",_xlfn.XLOOKUP(E81&"|"&B81, Calculate_cap_emi!$I$14:$I$21&"|"&Calculate_cap_emi!$L$14:$L$21, Calculate_cap_emi!$BH$14:$BH$21, "Not found", 0),"HP",_xlfn.XLOOKUP(E81&"|"&B81, Calculate_cap_emi!$I$14:$I$21&"|"&Calculate_cap_emi!$L$14:$L$21, Calculate_cap_emi!$BF$14:$BF$21, "Not found", 0),"HPl",_xlfn.XLOOKUP(E81&"|"&B81, Calculate_cap_emi!$I$14:$I$21&"|"&Calculate_cap_emi!$L$14:$L$21, Calculate_cap_emi!$BI$14:$BI$21, "Not found", 0),"Missing")} -> 684.91524 | U81: {=_xlfn.SWITCH(F81,"R",_xlfn.XLOOKUP(E81&"|"&B81, Calculate_cap_emi_sens!$I$14:$I$21&"|"&Calculate_cap_emi_sens!$L$14:$L$21, Calculate_cap_emi_sens!$AX$14:$AX$21, "Not found", 0),"Rb",_xlfn.XLOOKUP(E81&"|"&B81, Calculate_cap_emi_sens!$I$14:$I$21&"|"&Calculate_cap_emi_sens!$L$14:$L$21, Calculate_cap_emi_sens!$AZ$14:$AZ$21, "Not found", 0),"Rl",_xlfn.XLOOKUP(E81&"|"&B81, Calculate_cap_emi_sens!$I$14:$I$21&"|"&Calculate_cap_emi_sens!$L$14:$L$21, Calculate_cap_emi_sens!$BA$14:$BA$21, "Not found", 0),"HP",_xlfn.XLOOKUP(E81&"|"&B81, Calculate_cap_emi_sens!$I$14:$I$21&"|"&Calculate_cap_emi_sens!$L$14:$L$21, Calculate_cap_emi_sens!$AY$14:$AY$21, "Not found", 0),"HPl",_xlfn.XLOOKUP(E81&"|"&B81, Calculate_cap_emi_sens!$I$14:$I$21&"|"&Calculate_cap_emi_sens!$L$14:$L$21, Calculate_cap_emi_sens!$BB$14:$BB$21, "Not found", 0),"Missing")} -> 75.590591 | V81: {=_xlfn.SWITCH(F81,"R",_xlfn.XLOOKUP(E81&"|"&B81, Calculate_cap_emi_sens!$I$14:$I$21&"|"&Calculate_cap_emi_sens!$L$14:$L$21, Calculate_cap_emi_sens!$BE$14:$BE$21, "Not found", 0),"Rb",_xlfn.XLOOKUP(E81&"|"&B81, Calculate_cap_emi_sens!$I$14:$I$21&"|"&Calculate_cap_emi_sens!$L$14:$L$21, Calculate_cap_emi_sens!$BG$14:$BG$21, "Not found", 0),"Rl",_xlfn.XLOOKUP(E81&"|"&B81, Calculate_cap_emi_sens!$I$14:$I$21&"|"&Calculate_cap_emi_sens!$L$14:$L$21, Calculate_cap_emi_sens!$BH$14:$BH$21, "Not found", 0),"HP",_xlfn.XLOOKUP(E81&"|"&B81, Calculate_cap_emi_sens!$I$14:$I$21&"|"&Calculate_cap_emi_sens!$L$14:$L$21, Calculate_cap_emi_sens!$BF$14:$BF$21, "Not found", 0),"HPl",_xlfn.XLOOKUP(E81&"|"&B81, Calculate_cap_emi_sens!$I$14:$I$21&"|"&Calculate_cap_emi_sens!$L$14:$L$21, Calculate_cap_emi_sens!$BI$14:$BI$21, "Not found", 0),"Missing")} -> 263.91792 | W81: =Results_proc_ener!L81 -> 23430.703 | X81: =Results_proc_ener!M81 -> 0 | Y81: =Results_proc_ener!N81 -> 0 | Z81: =Results_proc_ener!O81 -> 0 | AA81: =Results_proc_ener!P81 -> 0 | AB81: =Results_proc_ener!Q81 -> 459.51372 | AC81: =Results_proc_ener!R81 -> 1140.033 | AD81: =Results_proc_ener!S81 -> 4645.1024 | AE81: =Results_proc_ener!T81 -> 4498.2316
G82: R | K82: {=TRANSPOSE(Manufacture!C12:H12)} -> 135 | L82: =LOOKUP(K82,Manufacture!$C$12:$H$12,Manufacture!$C$14:$H$14) -> 190.95099 | Q82: =LOOKUP(K82,Distribution!$C$12:$H$12,Distribution!$C$14:$H$14) -> 3.7836466 | R82: =LOOKUP(K82,Installation!$C$12:$H$12,Installation!$C$14:$H$14) -> 4.0273991 | S82: =LOOKUP(K82,EOL!$C$12:$H$12,EOL!$C$14:$H$14) -> 22.436671 | T82: =LOOKUP(K82,Other!$C$12:$H$12,Other!$C$14:$H$14) -> 0 | U82: =LOOKUP(K82,EOL_R!$C$12:$H$12,EOL_R!$C$14:$H$14) -> 22.436671 | V82: =LOOKUP(K82,Other_R!$C$12:$H$12,Other_R!$C$14:$H$14) -> 0 | W82: =Results_proc_ener!L82 -> 3702.7095 | X82: =Results_proc_ener!M82 -> 0 | Y82: =Results_proc_ener!N82 -> 0 | Z82: =Results_proc_ener!O82 -> 0 | AA82: =Results_proc_ener!P82 -> 0 | AB82: =Results_proc_ener!Q82 -> 93.604268 | AC82: =Results_proc_ener!R82 -> 55.6905 | AD82: =Results_proc_ener!S82 -> 17.832324 | AE82: =Results_proc_ener!T82 -> 0
G83: R | K83: 162 | L83: =LOOKUP(K83,Manufacture!$C$12:$H$12,Manufacture!$C$14:$H$14) -> 216.20279 | Q83: =LOOKUP(K83,Distribution!$C$12:$H$12,Distribution!$C$14:$H$14) -> 4.1169606 | R83: =LOOKUP(K83,Installation!$C$12:$H$12,Installation!$C$14:$H$14) -> 4.5599916 | S83: =LOOKUP(K83,EOL!$C$12:$H$12,EOL!$C$14:$H$14) -> 25.403748 | T83: =LOOKUP(K83,Other!$C$12:$H$12,Other!$C$14:$H$14) -> 0 | U83: =LOOKUP(K83,EOL_R!$C$12:$H$12,EOL_R!$C$14:$H$14) -> 25.403748 | V83: =LOOKUP(K83,Other_R!$C$12:$H$12,Other_R!$C$14:$H$14) -> 0 | W83: =Results_proc_ener!L83 -> 4192.3643 | X83: =Results_proc_ener!M83 -> 0 | Y83: =Results_proc_ener!N83 -> 0 | Z83: =Results_proc_ener!O83 -> 0 | AA83: =Results_proc_ener!P83 -> 0 | AB83: =Results_proc_ener!Q83 -> 101.85018 | AC83: =Results_proc_ener!R83 -> 63.055139 | AD83: =Results_proc_ener!S83 -> 20.190511 | AE83: =Results_proc_ener!T83 -> 0
G84: R | K84: 180 | L84: =LOOKUP(K84,Manufacture!$C$12:$H$12,Manufacture!$C$14:$H$14) -> 234.86639 | Q84: =LOOKUP(K84,Distribution!$C$12:$H$12,Distribution!$C$14:$H$14) -> 4.5403759 | R84: =LOOKUP(K84,Installation!$C$12:$H$12,Installation!$C$14:$H$14) -> 4.9536306 | S84: =LOOKUP(K84,EOL!$C$12:$H$12,EOL!$C$14:$H$14) -> 27.596715 | T84: =LOOKUP(K84,Other!$C$12:$H$12,Other!$C$14:$H$14) -> 0 | U84: =LOOKUP(K84,EOL_R!$C$12:$H$12,EOL_R!$C$14:$H$14) -> 27.596715 | V84: =LOOKUP(K84,Other_R!$C$12:$H$12,Other_R!$C$14:$H$14) -> 0 | W84: =Results_proc_ener!L84 -> 4554.2682 | X84: =Results_proc_ener!M84 -> 0 | Y84: =Results_proc_ener!N84 -> 0 | Z84: =Results_proc_ener!O84 -> 0 | AA84: =Results_proc_ener!P84 -> 0 | AB84: =Results_proc_ener!Q84 -> 112.32512 | AC84: =Results_proc_ener!R84 -> 68.498344 | AD84: =Results_proc_ener!S84 -> 21.933448 | AE84: =Results_proc_ener!T84 -> 0
G85: R | K85: 216 | L85: =LOOKUP(K85,Manufacture!$C$12:$H$12,Manufacture!$C$14:$H$14) -> 277.16605 | Q85: =LOOKUP(K85,Distribution!$C$12:$H$12,Distribution!$C$14:$H$14) -> 5.1709837 | R85: =LOOKUP(K85,Installation!$C$12:$H$12,Installation!$C$14:$H$14) -> 5.8457843 | S85: =LOOKUP(K85,EOL!$C$12:$H$12,EOL!$C$14:$H$14) -> 32.56691 | T85: =LOOKUP(K85,Other!$C$12:$H$12,Other!$C$14:$H$14) -> 0 | U85: =LOOKUP(K85,EOL_R!$C$12:$H$12,EOL_R!$C$14:$H$14) -> 32.56691 | V85: =LOOKUP(K85,Other_R!$C$12:$H$12,Other_R!$C$14:$H$14) -> 0 | W85: =Results_proc_ener!L85 -> 5374.4963 | X85: =Results_proc_ener!M85 -> 0 | Y85: =Results_proc_ener!N85 -> 0 | Z85: =Results_proc_ener!O85 -> 0 | AA85: =Results_proc_ener!P85 -> 0 | AB85: =Results_proc_ener!Q85 -> 127.92583 | AC85: =Results_proc_ener!R85 -> 80.834962 | AD85: =Results_proc_ener!S85 -> 25.883683 | AE85: =Results_proc_ener!T85 -> 0
G86: R | K86: 300 | L86: =LOOKUP(K86,Manufacture!$C$12:$H$12,Manufacture!$C$14:$H$14) -> 407.89786 | Q86: =LOOKUP(K86,Distribution!$C$12:$H$12,Distribution!$C$14:$H$14) -> 6.5583208 | R86: =LOOKUP(K86,Installation!$C$12:$H$12,Installation!$C$14:$H$14) -> 8.6030842 | S86: =LOOKUP(K86,EOL!$C$12:$H$12,EOL!$C$14:$H$14) -> 47.927849 | T86: =LOOKUP(K86,Other!$C$12:$H$12,Other!$C$14:$H$14) -> 0 | U86: =LOOKUP(K86,EOL_R!$C$12:$H$12,EOL_R!$C$14:$H$14) -> 47.927849 | V86: =LOOKUP(K86,Other_R!$C$12:$H$12,Other_R!$C$14:$H$14) -> 0 | W86: =Results_proc_ener!L86 -> 7909.5023 | X86: =Results_proc_ener!M86 -> 0 | Y86: =Results_proc_ener!N86 -> 0 | Z86: =Results_proc_ener!O86 -> 0 | AA86: =Results_proc_ener!P86 -> 0 | AB86: =Results_proc_ener!Q86 -> 162.2474 | AC86: =Results_proc_ener!R86 -> 118.96265 | AD86: =Results_proc_ener!S86 -> 38.092323 | AE86: =Results_proc_ener!T86 -> 0
G87: R | K87: 360 | L87: =LOOKUP(K87,Manufacture!$C$12:$H$12,Manufacture!$C$14:$H$14) -> 537.54732 | Q87: =LOOKUP(K87,Distribution!$C$12:$H$12,Distribution!$C$14:$H$14) -> 7.6934147 | R87: =LOOKUP(K87,Installation!$C$12:$H$12,Installation!$C$14:$H$14) -> 11.337556 | S87: =LOOKUP(K87,EOL!$C$12:$H$12,EOL!$C$14:$H$14) -> 63.161613 | T87: =LOOKUP(K87,Other!$C$12:$H$12,Other!$C$14:$H$14) -> 0 | U87: =LOOKUP(K87,EOL_R!$C$12:$H$12,EOL_R!$C$14:$H$14) -> 63.161613 | V87: =LOOKUP(K87,Other_R!$C$12:$H$12,Other_R!$C$14:$H$14) -> 0 | W87: =Results_proc_ener!L87 -> 10423.521 | X87: =Results_proc_ener!M87 -> 0 | Y87: =Results_proc_ener!N87 -> 0 | Z87: =Results_proc_ener!O87 -> 0 | AA87: =Results_proc_ener!P87 -> 0 | AB87: =Results_proc_ener!Q87 -> 190.32868 | AC87: =Results_proc_ener!R87 -> 156.77467 | AD87: =Results_proc_ener!S87 -> 50.199886 | AE87: =Results_proc_ener!T87 -> 0
G88: Ro | K88: 162 | L88: =LOOKUP(K88,Manufacture!$C$12:$H$12,Manufacture!$C$14:$H$14) -> 216.20279 | Q88: =LOOKUP(K88,Distribution!$C$12:$H$12,Distribution!$C$14:$H$14) -> 4.1169606 | R88: =LOOKUP(K88,Installation!$C$12:$H$12,Installation!$C$14:$H$14) -> 4.5599916 | S88: =LOOKUP(K88,EOL!$C$12:$H$12,EOL!$C$14:$H$14) -> 25.403748 | T88: =LOOKUP(K88,Other!$C$12:$H$12,Other!$C$14:$H$14) -> 0 | U88: =LOOKUP(K88,EOL_R!$C$12:$H$12,EOL_R!$C$14:$H$14) -> 25.403748 | V88: =LOOKUP(K88,Other_R!$C$12:$H$12,Other_R!$C$14:$H$14) -> 0 | W88: =Results_proc_ener!L88 -> 4192.3643 | X88: =Results_proc_ener!M88 -> 0 | Y88: =Results_proc_ener!N88 -> 0 | Z88: =Results_proc_ener!O88 -> 0 | AA88: =Results_proc_ener!P88 -> 0 | AB88: =Results_proc_ener!Q88 -> 101.85018 | AC88: =Results_proc_ener!R88 -> 63.055139 | AD88: =Results_proc_ener!S88 -> 20.190511 | AE88: =Results_proc_ener!T88 -> 0
G89: Ro | K89: 216 | L89: =LOOKUP(K89,Manufacture!$C$12:$H$12,Manufacture!$C$14:$H$14) -> 277.16605 | Q89: =LOOKUP(K89,Distribution!$C$12:$H$12,Distribution!$C$14:$H$14) -> 5.1709837 | R89: =LOOKUP(K89,Installation!$C$12:$H$12,Installation!$C$14:$H$14) -> 5.8457843 | S89: =LOOKUP(K89,EOL!$C$12:$H$12,EOL!$C$14:$H$14) -> 32.56691 | T89: =LOOKUP(K89,Other!$C$12:$H$12,Other!$C$14:$H$14) -> 0 | U89: =LOOKUP(K89,EOL_R!$C$12:$H$12,EOL_R!$C$14:$H$14) -> 32.56691 | V89: =LOOKUP(K89,Other_R!$C$12:$H$12,Other_R!$C$14:$H$14) -> 0 | W89: =Results_proc_ener!L89 -> 5374.4963 | X89: =Results_proc_ener!M89 -> 0 | Y89: =Results_proc_ener!N89 -> 0 | Z89: =Results_proc_ener!O89 -> 0 | AA89: =Results_proc_ener!P89 -> 0 | AB89: =Results_proc_ener!Q89 -> 127.92583 | AC89: =Results_proc_ener!R89 -> 80.834962 | AD89: =Results_proc_ener!S89 -> 25.883683 | AE89: =Results_proc_ener!T89 -> 0
G90: Ro | K90: 360 | L90: =LOOKUP(K90,Manufacture!$C$12:$H$12,Manufacture!$C$14:$H$14) -> 537.54732 | Q90: =LOOKUP(K90,Distribution!$C$12:$H$12,Distribution!$C$14:$H$14) -> 7.6934147 | R90: =LOOKUP(K90,Installation!$C$12:$H$12,Installation!$C$14:$H$14) -> 11.337556 | S90: =LOOKUP(K90,EOL!$C$12:$H$12,EOL!$C$14:$H$14) -> 63.161613 | T90: =LOOKUP(K90,Other!$C$12:$H$12,Other!$C$14:$H$14) -> 0 | U90: =LOOKUP(K90,EOL_R!$C$12:$H$12,EOL_R!$C$14:$H$14) -> 63.161613 | V90: =LOOKUP(K90,Other_R!$C$12:$H$12,Other_R!$C$14:$H$14) -> 0 | W90: =Results_proc_ener!L90 -> 10423.521 | X90: =Results_proc_ener!M90 -> 0 | Y90: =Results_proc_ener!N90 -> 0 | Z90: =Results_proc_ener!O90 -> 0 | AA90: =Results_proc_ener!P90 -> 0 | AB90: =Results_proc_ener!Q90 -> 190.32868 | AC90: =Results_proc_ener!R90 -> 156.77467 | AD90: =Results_proc_ener!S90 -> 50.199886 | AE90: =Results_proc_ener!T90 -> 0
G91: HP | K91: {=TRANSPOSE(Manufacture!C15:H15)} -> 135 | L91: =LOOKUP(K91,Manufacture!$C$15:$H$15,Manufacture!$C$17:$H$17) -> 479.51141 | Q91: =LOOKUP(K91,Distribution!$C$15:$H$15,Distribution!$C$17:$H$17) -> 19.349822 | R91: =LOOKUP(K91,Installation!$C$15:$H$15,Installation!$C$17:$H$17) -> 13.951591 | S91: =LOOKUP(K91,EOL!$C$15:$H$15,EOL!$C$17:$H$17) -> 74.170193 | T91: =LOOKUP(K91,Other!$C$15:$H$15,Other!$C$17:$H$17) -> 285.35294 | U91: =LOOKUP(K91,EOL_R!$C$15:$H$15,EOL_R!$C$17:$H$17) -> 74.170193 | V91: =LOOKUP(K91,Other_R!$C$15:$H$15,Other_R!$C$17:$H$17) -> 285.35294 | W91: =Results_proc_ener!L91 -> 16543.068 | X91: =Results_proc_ener!M91 -> 0 | Y91: =Results_proc_ener!N91 -> 0 | Z91: =Results_proc_ener!O91 -> 0 | AA91: =Results_proc_ener!P91 -> 0 | AB91: =Results_proc_ener!Q91 -> 409.80299 | AC91: =Results_proc_ener!R91 -> 92.101924 | AD91: =Results_proc_ener!S91 -> 741.17647 | AE91: =Results_proc_ener!T91 -> 285.35294
G92: HP | K92: 162 | L92: =LOOKUP(K92,Manufacture!$C$15:$H$15,Manufacture!$C$17:$H$17) -> 517.92057 | Q92: =LOOKUP(K92,Distribution!$C$15:$H$15,Distribution!$C$17:$H$17) -> 22.382437 | R92: =LOOKUP(K92,Installation!$C$15:$H$15,Installation!$C$17:$H$17) -> 16.373343 | S92: =LOOKUP(K92,EOL!$C$15:$H$15,EOL!$C$17:$H$17) -> 78.333767 | T92: =LOOKUP(K92,Other!$C$15:$H$15,Other!$C$17:$H$17) -> 285.35294 | U92: =LOOKUP(K92,EOL_R!$C$15:$H$15,EOL_R!$C$17:$H$17) -> 78.333767 | V92: =LOOKUP(K92,Other_R!$C$15:$H$15,Other_R!$C$17:$H$17) -> 285.35294 | W92: =Results_proc_ener!L92 -> 17368.309 | X92: =Results_proc_ener!M92 -> 0 | Y92: =Results_proc_ener!N92 -> 0 | Z92: =Results_proc_ener!O92 -> 0 | AA92: =Results_proc_ener!P92 -> 0 | AB92: =Results_proc_ener!Q92 -> 474.02967 | AC92: =Results_proc_ener!R92 -> 118.53021 | AD92: =Results_proc_ener!S92 -> 741.17647 | AE92: =Results_proc_ener!T92 -> 285.35294
G93: HP | K93: 180 | L93: =LOOKUP(K93,Manufacture!$C$15:$H$15,Manufacture!$C$17:$H$17) -> 543.69668 | Q93: =LOOKUP(K93,Distribution!$C$15:$H$15,Distribution!$C$17:$H$17) -> 24.404181 | R93: =LOOKUP(K93,Installation!$C$15:$H$15,Installation!$C$17:$H$17) -> 17.987844 | S93: =LOOKUP(K93,EOL!$C$15:$H$15,EOL!$C$17:$H$17) -> 81.109483 | T93: =LOOKUP(K93,Other!$C$15:$H$15,Other!$C$17:$H$17) -> 285.35294 | U93: =LOOKUP(K93,EOL_R!$C$15:$H$15,EOL_R!$C$17:$H$17) -> 81.109483 | V93: =LOOKUP(K93,Other_R!$C$15:$H$15,Other_R!$C$17:$H$17) -> 285.35294 | W93: =Results_proc_ener!L93 -> 17918.47 | X93: =Results_proc_ener!M93 -> 0 | Y93: =Results_proc_ener!N93 -> 0 | Z93: =Results_proc_ener!O93 -> 0 | AA93: =Results_proc_ener!P93 -> 0 | AB93: =Results_proc_ener!Q93 -> 516.84747 | AC93: =Results_proc_ener!R93 -> 136.14907 | AD93: =Results_proc_ener!S93 -> 741.17647 | AE93: =Results_proc_ener!T93 -> 285.35294
G94: HP | K94: 216 | L94: =LOOKUP(K94,Manufacture!$C$15:$H$15,Manufacture!$C$17:$H$17) -> 595.24891 | Q94: =LOOKUP(K94,Distribution!$C$15:$H$15,Distribution!$C$17:$H$17) -> 28.447669 | R94: =LOOKUP(K94,Installation!$C$15:$H$15,Installation!$C$17:$H$17) -> 21.216847 | S94: =LOOKUP(K94,EOL!$C$15:$H$15,EOL!$C$17:$H$17) -> 86.660916 | T94: =LOOKUP(K94,Other!$C$15:$H$15,Other!$C$17:$H$17) -> 285.35294 | U94: =LOOKUP(K94,EOL_R!$C$15:$H$15,EOL_R!$C$17:$H$17) -> 86.660916 | V94: =LOOKUP(K94,Other_R!$C$15:$H$15,Other_R!$C$17:$H$17) -> 285.35294 | W94: =Results_proc_ener!L94 -> 19018.791 | X94: =Results_proc_ener!M94 -> 0 | Y94: =Results_proc_ener!N94 -> 0 | Z94: =Results_proc_ener!O94 -> 0 | AA94: =Results_proc_ener!P94 -> 0 | AB94: =Results_proc_ener!Q94 -> 602.48305 | AC94: =Results_proc_ener!R94 -> 171.38679 | AD94: =Results_proc_ener!S94 -> 741.17647 | AE94: =Results_proc_ener!T94 -> 285.35294
G95: HP | K95: 300 | L95: =LOOKUP(K95,Manufacture!$C$15:$H$15,Manufacture!$C$17:$H$17) -> 715.28243 | Q95: =LOOKUP(K95,Distribution!$C$15:$H$15,Distribution!$C$17:$H$17) -> 37.882473 | R95: =LOOKUP(K95,Installation!$C$15:$H$15,Installation!$C$17:$H$17) -> 28.751187 | S95: =LOOKUP(K95,EOL!$C$15:$H$15,EOL!$C$17:$H$17) -> 99.614258 | T95: =LOOKUP(K95,Other!$C$15:$H$15,Other!$C$17:$H$17) -> 285.35294 | U95: =LOOKUP(K95,EOL_R!$C$15:$H$15,EOL_R!$C$17:$H$17) -> 99.614258 | V95: =LOOKUP(K95,Other_R!$C$15:$H$15,Other_R!$C$17:$H$17) -> 285.35294 | W95: =Results_proc_ener!L95 -> 21586.208 | X95: =Results_proc_ener!M95 -> 0 | Y95: =Results_proc_ener!N95 -> 0 | Z95: =Results_proc_ener!O95 -> 0 | AA95: =Results_proc_ener!P95 -> 0 | AB95: =Results_proc_ener!Q95 -> 802.29942 | AC95: =Results_proc_ener!R95 -> 253.60814 | AD95: =Results_proc_ener!S95 -> 741.17647 | AE95: =Results_proc_ener!T95 -> 285.35294
G96: HP | K96: 360 | L96: =LOOKUP(K96,Manufacture!$C$15:$H$15,Manufacture!$C$17:$H$17) -> 800.9478 | Q96: =LOOKUP(K96,Distribution!$C$15:$H$15,Distribution!$C$17:$H$17) -> 44.621619 | R96: =LOOKUP(K96,Installation!$C$15:$H$15,Installation!$C$17:$H$17) -> 34.132859 | S96: =LOOKUP(K96,EOL!$C$15:$H$15,EOL!$C$17:$H$17) -> 108.86664 | T96: =LOOKUP(K96,Other!$C$15:$H$15,Other!$C$17:$H$17) -> 285.35294 | U96: =LOOKUP(K96,EOL_R!$C$15:$H$15,EOL_R!$C$17:$H$17) -> 108.86664 | V96: =LOOKUP(K96,Other_R!$C$15:$H$15,Other_R!$C$17:$H$17) -> 285.35294 | W96: =Results_proc_ener!L96 -> 23420.077 | X96: =Results_proc_ener!M96 -> 0 | Y96: =Results_proc_ener!N96 -> 0 | Z96: =Results_proc_ener!O96 -> 0 | AA96: =Results_proc_ener!P96 -> 0 | AB96: =Results_proc_ener!Q96 -> 945.02539 | AC96: =Results_proc_ener!R96 -> 312.33767 | AD96: =Results_proc_ener!S96 -> 741.17647 | AE96: =Results_proc_ener!T96 -> 285.35294
G97: HPo | K97: 162 | L97: =LOOKUP(K97,Manufacture!$C$15:$H$15,Manufacture!$C$17:$H$17) -> 517.92057 | Q97: =LOOKUP(K97,Distribution!$C$15:$H$15,Distribution!$C$17:$H$17) -> 22.382437 | R97: =LOOKUP(K97,Installation!$C$15:$H$15,Installation!$C$17:$H$17) -> 16.373343 | S97: =LOOKUP(K97,EOL!$C$15:$H$15,EOL!$C$17:$H$17) -> 78.333767 | T97: =LOOKUP(K97,Other!$C$15:$H$15,Other!$C$17:$H$17) -> 285.35294 | U97: =LOOKUP(K97,EOL_R!$C$15:$H$15,EOL_R!$C$17:$H$17) -> 78.333767 | V97: =LOOKUP(K97,Other_R!$C$15:$H$15,Other_R!$C$17:$H$17) -> 285.35294 | W97: =Results_proc_ener!L97 -> 17368.309 | X97: =Results_proc_ener!M97 -> 0 | Y97: =Results_proc_ener!N97 -> 0 | Z97: =Results_proc_ener!O97 -> 0 | AA97: =Results_proc_ener!P97 -> 0 | AB97: =Results_proc_ener!Q97 -> 474.02967 | AC97: =Results_proc_ener!R97 -> 118.53021 | AD97: =Results_proc_ener!S97 -> 741.17647 | AE97: =Results_proc_ener!T97 -> 285.35294
G98: HPo | K98: 216 | L98: =LOOKUP(K98,Manufacture!$C$15:$H$15,Manufacture!$C$17:$H$17) -> 595.24891 | Q98: =LOOKUP(K98,Distribution!$C$15:$H$15,Distribution!$C$17:$H$17) -> 28.447669 | R98: =LOOKUP(K98,Installation!$C$15:$H$15,Installation!$C$17:$H$17) -> 21.216847 | S98: =LOOKUP(K98,EOL!$C$15:$H$15,EOL!$C$17:$H$17) -> 86.660916 | T98: =LOOKUP(K98,Other!$C$15:$H$15,Other!$C$17:$H$17) -> 285.35294 | U98: =LOOKUP(K98,EOL_R!$C$15:$H$15,EOL_R!$C$17:$H$17) -> 86.660916 | V98: =LOOKUP(K98,Other_R!$C$15:$H$15,Other_R!$C$17:$H$17) -> 285.35294 | W98: =Results_proc_ener!L98 -> 19018.791 | X98: =Results_proc_ener!M98 -> 0 | Y98: =Results_proc_ener!N98 -> 0 | Z98: =Results_proc_ener!O98 -> 0 | AA98: =Results_proc_ener!P98 -> 0 | AB98: =Results_proc_ener!Q98 -> 602.48305 | AC98: =Results_proc_ener!R98 -> 171.38679 | AD98: =Results_proc_ener!S98 -> 741.17647 | AE98: =Results_proc_ener!T98 -> 285.35294
G99: HPo | K99: 360 | L99: =LOOKUP(K99,Manufacture!$C$15:$H$15,Manufacture!$C$17:$H$17) -> 800.9478 | Q99: =LOOKUP(K99,Distribution!$C$15:$H$15,Distribution!$C$17:$H$17) -> 44.621619 | R99: =LOOKUP(K99,Installation!$C$15:$H$15,Installation!$C$17:$H$17) -> 34.132859 | S99: =LOOKUP(K99,EOL!$C$15:$H$15,EOL!$C$17:$H$17) -> 108.86664 | T99: =LOOKUP(K99,Other!$C$15:$H$15,Other!$C$17:$H$17) -> 285.35294 | U99: =LOOKUP(K99,EOL_R!$C$15:$H$15,EOL_R!$C$17:$H$17) -> 108.86664 | V99: =LOOKUP(K99,Other_R!$C$15:$H$15,Other_R!$C$17:$H$17) -> 285.35294 | W99: =Results_proc_ener!L99 -> 23420.077 | X99: =Results_proc_ener!M99 -> 0 | Y99: =Results_proc_ener!N99 -> 0 | Z99: =Results_proc_ener!O99 -> 0 | AA99: =Results_proc_ener!P99 -> 0 | AB99: =Results_proc_ener!Q99 -> 945.02539 | AC99: =Results_proc_ener!R99 -> 312.33767 | AD99: =Results_proc_ener!S99 -> 741.17647 | AE99: =Results_proc_ener!T99 -> 285.35294
B100: =CONCATENATE(C100, "-", "Nom") -> Mass-Nom | C100: Mass | D100: =_xlfn.TEXTAFTER(B100, "-", 1) -> Nom | E100: AK | F100: HYD200 | G100: HYD200 | H100: 8.5 | J100: =_xlfn.CEILING.MATH(H100,1) -> 9 | K100: 200 | L100: {=_xlfn.SWITCH(K100,200,_xlfn.XLOOKUP(J100,Manufacture!$C$18:$N$18,Manufacture!$C$20:$N$20) + _xlfn.XLOOKUP(B100&"|"&E100, Calculate_cap_emi!$L$14:$L$21&"|"&Calculate_cap_emi!$I$14:$I$21, Calculate_cap_emi!$AI$14:$AI$21, "Not found", 0), LOOKUP(K100,Manufacture!$C$24:$D$24,Manufacture!$C$26:$D$26) + _xlfn.XLOOKUP(J100,Manufacture!$C$18:$N$18,Manufacture!$C$20:$N$20) + _xlfn.XLOOKUP(B100&"|"&E100, Calculate_cap_emi!$L$14:$L$21&"|"&Calculate_cap_emi!$I$14:$I$21, Calculate_cap_emi!$AI$14:$AI$21, "Not found", 0))} -> 3324.0365 | M100: =_xlfn.XLOOKUP(J100,Manufacture!$C$18:$N$18,Manufacture!$C$20:$N$20) -> 1869.6547 | N100: {=_xlfn.SWITCH(K100,200,0,LOOKUP(K100,Manufacture!$C$24:$D$24,Manufacture!$C$26:$D$26))} -> 0 | O100: {=_xlfn.XLOOKUP(B100&"|"&E100, Calculate_cap_emi!$L$14:$L$21&"|"&Calculate_cap_emi!$I$14:$I$21, Calculate_cap_emi!$AI$14:$AI$21, "Not found", 0)} -> 1454.3818 | P100: =SUM(M100:O100) -> 3324.0365 | Q100: {=_xlfn.SWITCH(K100,200,_xlfn.XLOOKUP(J100,Distribution!$C$18:$N$18,Distribution!$C$20:$N$20) + _xlfn.XLOOKUP(B100&"|"&E100, Calculate_cap_emi!$L$14:$L$21&"|"&Calculate_cap_emi!$I$14:$I$21, Calculate_cap_emi!$AP$14:$AP$21, "Not found", 0), LOOKUP(K100,Distribution!$C$24:$D$24,Distribution!$C$26:$D$26) + _xlfn.XLOOKUP(J100,Distribution!$C$18:$N$18,Distribution!$C$20:$N$20) + _xlfn.XLOOKUP(B100&"|"&E100, Calculate_cap_emi!$L$14:$L$21&"|"&Calculate_cap_emi!$I$14:$I$21, Calculate_cap_emi!$AP$14:$AP$21, "Not found", 0))} -> 119.13563 | R100: {=_xlfn.SWITCH(K100,200,_xlfn.XLOOKUP(J100,Installation!$C$18:$N$18,Installation!$C$20:$N$20) + _xlfn.XLOOKUP(B100&"|"&E100, Calculate_cap_emi!$L$14:$L$21&"|"&Calculate_cap_emi!$I$14:$I$21, Calculate_cap_emi!$AW$14:$AW$21, "Not found", 0), LOOKUP(K100,Installation!$C$24:$D$24,Installation!$C$26:$D$26) + _xlfn.XLOOKUP(J100,Installation!$C$18:$N$18,Installation!$C$20:$N$20) + _xlfn.XLOOKUP(B100&"|"&E100, Calculate_cap_emi!$L$14:$L$21&"|"&Calculate_cap_emi!$I$14:$I$21, Calculate_cap_emi!$AW$14:$AW$21, "Not found", 0))} -> 112.79289 | S100: {=_xlfn.SWITCH(K100,200,_xlfn.XLOOKUP(J100,EOL!$C$18:$N$18,EOL!$C$20:$N$20) + _xlfn.XLOOKUP(B100&"|"&E100, Calculate_cap_emi!$L$14:$L$21&"|"&Calculate_cap_emi!$I$14:$I$21, Calculate_cap_emi!$BD$14:$BD$21, "Not found", 0), LOOKUP(K100,EOL!$C$24:$D$24,EOL!$C$26:$D$26) + _xlfn.XLOOKUP(J100,EOL!$C$18:$N$18,EOL!$C$20:$N$20) + _xlfn.XLOOKUP(B100&"|"&E100, Calculate_cap_emi!$L$14:$L$21&"|"&Calculate_cap_emi!$I$14:$I$21, Calculate_cap_emi!$BD$14:$BD$21, "Not found", 0))} -> 531.8979 | T100: {=_xlfn.SWITCH(K100,200,_xlfn.XLOOKUP(J100,Other!$C$18:$N$18,Other!$C$20:$N$20) + _xlfn.XLOOKUP(B100&"|"&E100, Calculate_cap_emi!$L$14:$L$21&"|"&Calculate_cap_emi!$I$14:$I$21, Calculate_cap_emi!$BK$14:$BK$21, "Not found", 0), LOOKUP(K100,Other!$C$24:$D$24,Other!$C$26:$D$26) + _xlfn.XLOOKUP(J100,Other!$C$18:$N$18,Other!$C$20:$N$20) + _xlfn.XLOOKUP(B100&"|"&E100, Calculate_cap_emi!$L$14:$L$21&"|"&Calculate_cap_emi!$I$14:$I$21, Calculate_cap_emi!$BK$14:$BK$21, "Not found", 0))} -> 2365.2788 | U100: {=_xlfn.SWITCH(K100,200,_xlfn.XLOOKUP(J100,EOL_R!$C$18:$N$18,EOL_R!$C$20:$N$20) + _xlfn.XLOOKUP(B100&"|"&E100, Calculate_cap_emi_sens!$L$14:$L$21&"|"&Calculate_cap_emi_sens!$I$14:$I$21, Calculate_cap_emi_sens!$BD$14:$BD$21, "Not found", 0), LOOKUP(K100,EOL_R!$C$24:$D$24,EOL_R!$C$26:$D$26) + _xlfn.XLOOKUP(J100,EOL_R!$C$18:$N$18,EOL_R!$C$20:$N$20) + _xlfn.XLOOKUP(B100&"|"&E100, Calculate_cap_emi_sens!$L$14:$L$21&"|"&Calculate_cap_emi_sens!$I$14:$I$21, Calculate_cap_emi_sens!$BD$14:$BD$21, "Not found", 0))} -> 381.83704 | V100: {=_xlfn.SWITCH(K100,200,_xlfn.XLOOKUP(J100,Other_R!$C$18:$N$18,Other_R!$C$20:$N$20) + _xlfn.XLOOKUP(B100&"|"&E100, Calculate_cap_emi_sens!$L$14:$L$21&"|"&Calculate_cap_emi_sens!$I$14:$I$21, Calculate_cap_emi_sens!$BK$14:$BK$21, "Not found", 0), LOOKUP(K100,Other_R!$C$24:$D$24,Other_R!$C$26:$D$26) + _xlfn.XLOOKUP(J100,Other_R!$C$18:$N$18,Other_R!$C$20:$N$20) + _xlfn.XLOOKUP(B100&"|"&E100, Calculate_cap_emi_sens!$L$14:$L$21&"|"&Calculate_cap_emi_sens!$I$14:$I$21, Calculate_cap_emi_sens!$BK$14:$BK$21, "Not found", 0))} -> 1912.4113 | W100: =Results_proc_ener!L100 -> 99952.067 | X100: =Results_proc_ener!M100 -> 49760.002 | Y100: =Results_proc_ener!N100 -> 0 | Z100: =Results_proc_ener!O100 -> 50192.065 | AA100: =Results_proc_ener!P100 -> 99952.067 | AB100: =Results_proc_ener!Q100 -> 2523.131 | AC100: =Results_proc_ener!R100 -> 223.35386 | AD100: =Results_proc_ener!S100 -> 5379.0713 | AE100: =Results_proc_ener!T100 -> 74234.781
B101: =CONCATENATE(C101, "-", "Nom") -> Mass-Nom | C101: Mass | D101: =_xlfn.TEXTAFTER(B101, "-", 1) -> Nom | E101: AK | F101: HYD200 | G101: HYD200 | H101: 11.2 | J101: =_xlfn.CEILING.MATH(H101,1) -> 12 | K101: 200 | L101: {=_xlfn.SWITCH(K101,200,_xlfn.XLOOKUP(J101,Manufacture!$C$18:$N$18,Manufacture!$C$20:$N$20) + _xlfn.XLOOKUP(B101&"|"&E101, Calculate_cap_emi!$L$14:$L$21&"|"&Calculate_cap_emi!$I$14:$I$21, Calculate_cap_emi!$AI$14:$AI$21, "Not found", 0), LOOKUP(K101,Manufacture!$C$24:$D$24,Manufacture!$C$26:$D$26) + _xlfn.XLOOKUP(J101,Manufacture!$C$18:$N$18,Manufacture!$C$20:$N$20) + _xlfn.XLOOKUP(B101&"|"&E101, Calculate_cap_emi!$L$14:$L$21&"|"&Calculate_cap_emi!$I$14:$I$21, Calculate_cap_emi!$AI$14:$AI$21, "Not found", 0))} -> 3442.81 | M101: =_xlfn.XLOOKUP(J101,Manufacture!$C$18:$N$18,Manufacture!$C$20:$N$20) -> 1988.4282 | N101: {=_xlfn.SWITCH(K101,200,0,LOOKUP(K101,Manufacture!$C$24:$D$24,Manufacture!$C$26:$D$26))} -> 0 | O101: {=_xlfn.XLOOKUP(B101&"|"&E101, Calculate_cap_emi!$L$14:$L$21&"|"&Calculate_cap_emi!$I$14:$I$21, Calculate_cap_emi!$AI$14:$AI$21, "Not found", 0)} -> 1454.3818 | P101: =SUM(M101:O101) -> 3442.81 | Q101: {=_xlfn.SWITCH(K101,200,_xlfn.XLOOKUP(J101,Distribution!$C$18:$N$18,Distribution!$C$20:$N$20) + _xlfn.XLOOKUP(B101&"|"&E101, Calculate_cap_emi!$L$14:$L$21&"|"&Calculate_cap_emi!$I$14:$I$21, Calculate_cap_emi!$AP$14:$AP$21, "Not found", 0), LOOKUP(K101,Distribution!$C$24:$D$24,Distribution!$C$26:$D$26) + _xlfn.XLOOKUP(J101,Distribution!$C$18:$N$18,Distribution!$C$20:$N$20) + _xlfn.XLOOKUP(B101&"|"&E101, Calculate_cap_emi!$L$14:$L$21&"|"&Calculate_cap_emi!$I$14:$I$21, Calculate_cap_emi!$AP$14:$AP$21, "Not found", 0))} -> 123.76826 | R101: {=_xlfn.SWITCH(K101,200,_xlfn.XLOOKUP(J101,Installation!$C$18:$N$18,Installation!$C$20:$N$20) + _xlfn.XLOOKUP(B101&"|"&E101, Calculate_cap_emi!$L$14:$L$21&"|"&Calculate_cap_emi!$I$14:$I$21, Calculate_cap_emi!$AW$14:$AW$21, "Not found", 0), LOOKUP(K101,Installation!$C$24:$D$24,Installation!$C$26:$D$26) + _xlfn.XLOOKUP(J101,Installation!$C$18:$N$18,Installation!$C$20:$N$20) + _xlfn.XLOOKUP(B101&"|"&E101, Calculate_cap_emi!$L$14:$L$21&"|"&Calculate_cap_emi!$I$14:$I$21, Calculate_cap_emi!$AW$14:$AW$21, "Not found", 0))} -> 120.17012 | S101: {=_xlfn.SWITCH(K101,200,_xlfn.XLOOKUP(J101,EOL!$C$18:$N$18,EOL!$C$20:$N$20) + _xlfn.XLOOKUP(B101&"|"&E101, Calculate_cap_emi!$L$14:$L$21&"|"&Calculate_cap_emi!$I$14:$I$21, Calculate_cap_emi!$BD$14:$BD$21, "Not found", 0), LOOKUP(K101,EOL!$C$24:$D$24,EOL!$C$26:$D$26) + _xlfn.XLOOKUP(J101,EOL!$C$18:$N$18,EOL!$C$20:$N$20) + _xlfn.XLOOKUP(B101&"|"&E101, Calculate_cap_emi!$L$14:$L$21&"|"&Calculate_cap_emi!$I$14:$I$21, Calculate_cap_emi!$BD$14:$BD$21, "Not found", 0))} -> 576.56861 | T101: {=_xlfn.SWITCH(K101,200,_xlfn.XLOOKUP(J101,Other!$C$18:$N$18,Other!$C$20:$N$20) + _xlfn.XLOOKUP(B101&"|"&E101, Calculate_cap_emi!$L$14:$L$21&"|"&Calculate_cap_emi!$I$14:$I$21, Calculate_cap_emi!$BK$14:$BK$21, "Not found", 0), LOOKUP(K101,Other!$C$24:$D$24,Other!$C$26:$D$26) + _xlfn.XLOOKUP(J101,Other!$C$18:$N$18,Other!$C$20:$N$20) + _xlfn.XLOOKUP(B101&"|"&E101, Calculate_cap_emi!$L$14:$L$21&"|"&Calculate_cap_emi!$I$14:$I$21, Calculate_cap_emi!$BK$14:$BK$21, "Not found", 0))} -> 2430.9481 | U101: {=_xlfn.SWITCH(K101,200,_xlfn.XLOOKUP(J101,EOL_R!$C$18:$N$18,EOL_R!$C$20:$N$20) + _xlfn.XLOOKUP(B101&"|"&E101, Calculate_cap_emi_sens!$L$14:$L$21&"|"&Calculate_cap_emi_sens!$I$14:$I$21, Calculate_cap_emi_sens!$BD$14:$BD$21, "Not found", 0), LOOKUP(K101,EOL_R!$C$24:$D$24,EOL_R!$C$26:$D$26) + _xlfn.XLOOKUP(J101,EOL_R!$C$18:$N$18,EOL_R!$C$20:$N$20) + _xlfn.XLOOKUP(B101&"|"&E101, Calculate_cap_emi_sens!$L$14:$L$21&"|"&Calculate_cap_emi_sens!$I$14:$I$21, Calculate_cap_emi_sens!$BD$14:$BD$21, "Not found", 0))} -> 406.00735 | V101: {=_xlfn.SWITCH(K101,200,_xlfn.XLOOKUP(J101,Other_R!$C$18:$N$18,Other_R!$C$20:$N$20) + _xlfn.XLOOKUP(B101&"|"&E101, Calculate_cap_emi_sens!$L$14:$L$21&"|"&Calculate_cap_emi_sens!$I$14:$I$21, Calculate_cap_emi_sens!$BK$14:$BK$21, "Not found", 0), LOOKUP(K101,Other_R!$C$24:$D$24,Other_R!$C$26:$D$26) + _xlfn.XLOOKUP(J101,Other_R!$C$18:$N$18,Other_R!$C$20:$N$20) + _xlfn.XLOOKUP(B101&"|"&E101, Calculate_cap_emi_sens!$L$14:$L$21&"|"&Calculate_cap_emi_sens!$I$14:$I$21, Calculate_cap_emi_sens!$BK$14:$BK$21, "Not found", 0))} -> 1927.7932 | W101: =Results_proc_ener!L101 -> 101016.58 | X101: =Results_proc_ener!M101 -> 50824.518 | Y101: =Results_proc_ener!N101 -> 0 | Z101: =Results_proc_ener!O101 -> 50192.065 | AA101: =Results_proc_ener!P101 -> 101016.58 | AB101: =Results_proc_ener!Q101 -> 2621.2439 | AC101: =Results_proc_ener!R101 -> 230.73109 | AD101: =Results_proc_ener!S101 -> 5379.0713 | AE101: =Results_proc_ener!T101 -> 74300.45
